"","id","name","uni_id","uni_name","notability","link","image_link"
"1","F2","Monica Geller","F","Friends",79.7,"https://openpsychometrics.org/tests/characters/stats/F/2","https://openpsychometrics.org/tests/characters/test-resources/pics/F/2.jpg"
"2","F1","Rachel Green","F","Friends",76.7,"https://openpsychometrics.org/tests/characters/stats/F/1","https://openpsychometrics.org/tests/characters/test-resources/pics/F/1.jpg"
"3","F5","Chandler Bing","F","Friends",74.4,"https://openpsychometrics.org/tests/characters/stats/F/5","https://openpsychometrics.org/tests/characters/test-resources/pics/F/5.jpg"
"4","F4","Joey Tribbiani","F","Friends",74.3,"https://openpsychometrics.org/tests/characters/stats/F/4","https://openpsychometrics.org/tests/characters/test-resources/pics/F/4.jpg"
"5","F3","Phoebe Buffay","F","Friends",72.6,"https://openpsychometrics.org/tests/characters/stats/F/3","https://openpsychometrics.org/tests/characters/test-resources/pics/F/3.jpg"
"6","F6","Ross Geller","F","Friends",51.6,"https://openpsychometrics.org/tests/characters/stats/F/6","https://openpsychometrics.org/tests/characters/test-resources/pics/F/6.jpg"
"7","EU1","Rue Bennett","EU","Euphoria",86.5,"https://openpsychometrics.org/tests/characters/stats/EU/1","https://openpsychometrics.org/tests/characters/test-resources/pics/EU/1.jpg"
"8","EU2","Jules Vaughn","EU","Euphoria",84.2,"https://openpsychometrics.org/tests/characters/stats/EU/2","https://openpsychometrics.org/tests/characters/test-resources/pics/EU/2.jpg"
"9","EU6","Maddy Perez","EU","Euphoria",82.6,"https://openpsychometrics.org/tests/characters/stats/EU/6","https://openpsychometrics.org/tests/characters/test-resources/pics/EU/6.jpg"
"10","EU3","Cassie Howard","EU","Euphoria",65.6,"https://openpsychometrics.org/tests/characters/stats/EU/3","https://openpsychometrics.org/tests/characters/test-resources/pics/EU/3.jpg"
"11","EU4","Nate Jacobs","EU","Euphoria",55.3,"https://openpsychometrics.org/tests/characters/stats/EU/4","https://openpsychometrics.org/tests/characters/test-resources/pics/EU/4.jpg"
"12","EU5","Lexi Howard","EU","Euphoria",50.7,"https://openpsychometrics.org/tests/characters/stats/EU/5","https://openpsychometrics.org/tests/characters/test-resources/pics/EU/5.jpg"
"13","HIMYM4","Barney Stinson","HIMYM","How I Met Your Mother",76,"https://openpsychometrics.org/tests/characters/stats/HIMYM/4","https://openpsychometrics.org/tests/characters/test-resources/pics/HIMYM/4.jpg"
"14","HIMYM3","Robin Scherbatsky","HIMYM","How I Met Your Mother",74.2,"https://openpsychometrics.org/tests/characters/stats/HIMYM/3","https://openpsychometrics.org/tests/characters/test-resources/pics/HIMYM/3.jpg"
"15","HIMYM5","Lily Aldrin","HIMYM","How I Met Your Mother",74.1,"https://openpsychometrics.org/tests/characters/stats/HIMYM/5","https://openpsychometrics.org/tests/characters/test-resources/pics/HIMYM/5.jpg"
"16","HIMYM2","Marshall Eriksen","HIMYM","How I Met Your Mother",71,"https://openpsychometrics.org/tests/characters/stats/HIMYM/2","https://openpsychometrics.org/tests/characters/test-resources/pics/HIMYM/2.jpg"
"17","HIMYM1","Ted Mosby","HIMYM","How I Met Your Mother",63.7,"https://openpsychometrics.org/tests/characters/stats/HIMYM/1","https://openpsychometrics.org/tests/characters/test-resources/pics/HIMYM/1.jpg"
"18","GOT2","Tyrion Lannister","GOT","Game of Thrones",90.8,"https://openpsychometrics.org/tests/characters/stats/GOT/2","https://openpsychometrics.org/tests/characters/test-resources/pics/GOT/2.jpg"
"19","GOT5","Arya Stark","GOT","Game of Thrones",90,"https://openpsychometrics.org/tests/characters/stats/GOT/5","https://openpsychometrics.org/tests/characters/test-resources/pics/GOT/5.jpg"
"20","GOT3","Daenerys Targaryen","GOT","Game of Thrones",86.8,"https://openpsychometrics.org/tests/characters/stats/GOT/3","https://openpsychometrics.org/tests/characters/test-resources/pics/GOT/3.jpg"
"21","GOT1","Jon Snow","GOT","Game of Thrones",86.7,"https://openpsychometrics.org/tests/characters/stats/GOT/1","https://openpsychometrics.org/tests/characters/test-resources/pics/GOT/1.jpg"
"22","GOT27","Cersei Lannister","GOT","Game of Thrones",82.4,"https://openpsychometrics.org/tests/characters/stats/GOT/27","https://openpsychometrics.org/tests/characters/test-resources/pics/GOT/27.jpg"
"23","GOT12","Eddard Stark","GOT","Game of Thrones",81.4,"https://openpsychometrics.org/tests/characters/stats/GOT/12","https://openpsychometrics.org/tests/characters/test-resources/pics/GOT/12.jpg"
"24","GOT14","Brienne of Tarth","GOT","Game of Thrones",79.1,"https://openpsychometrics.org/tests/characters/stats/GOT/14","https://openpsychometrics.org/tests/characters/test-resources/pics/GOT/14.jpg"
"25","GOT15","Sandor Clegane","GOT","Game of Thrones",76.8,"https://openpsychometrics.org/tests/characters/stats/GOT/15","https://openpsychometrics.org/tests/characters/test-resources/pics/GOT/15.jpg"
"26","GOT4","Sansa Stark","GOT","Game of Thrones",76.3,"https://openpsychometrics.org/tests/characters/stats/GOT/4","https://openpsychometrics.org/tests/characters/test-resources/pics/GOT/4.jpg"
"27","GOT25","Olenna Tyrell","GOT","Game of Thrones",75.9,"https://openpsychometrics.org/tests/characters/stats/GOT/25","https://openpsychometrics.org/tests/characters/test-resources/pics/GOT/25.jpg"
"28","GOT6","Jaime Lannister","GOT","Game of Thrones",75,"https://openpsychometrics.org/tests/characters/stats/GOT/6","https://openpsychometrics.org/tests/characters/test-resources/pics/GOT/6.jpg"
"29","GOT16","Varys","GOT","Game of Thrones",74.6,"https://openpsychometrics.org/tests/characters/stats/GOT/16","https://openpsychometrics.org/tests/characters/test-resources/pics/GOT/16.jpg"
"30","GOT7","Samwell Tarly","GOT","Game of Thrones",73.4,"https://openpsychometrics.org/tests/characters/stats/GOT/7","https://openpsychometrics.org/tests/characters/test-resources/pics/GOT/7.jpg"
"31","GOT18","Tywin Lannister","GOT","Game of Thrones",72.3,"https://openpsychometrics.org/tests/characters/stats/GOT/18","https://openpsychometrics.org/tests/characters/test-resources/pics/GOT/18.jpg"
"32","GOT11","Davos Seaworth","GOT","Game of Thrones",71.4,"https://openpsychometrics.org/tests/characters/stats/GOT/11","https://openpsychometrics.org/tests/characters/test-resources/pics/GOT/11.jpg"
"33","GOT20","Robb Stark","GOT","Game of Thrones",70,"https://openpsychometrics.org/tests/characters/stats/GOT/20","https://openpsychometrics.org/tests/characters/test-resources/pics/GOT/20.jpg"
"34","GOT13","Brandon Stark","GOT","Game of Thrones",65.1,"https://openpsychometrics.org/tests/characters/stats/GOT/13","https://openpsychometrics.org/tests/characters/test-resources/pics/GOT/13.jpg"
"35","GOT26","Ygritte","GOT","Game of Thrones",64.7,"https://openpsychometrics.org/tests/characters/stats/GOT/26","https://openpsychometrics.org/tests/characters/test-resources/pics/GOT/26.jpg"
"36","GOT24","Melisandre","GOT","Game of Thrones",64.5,"https://openpsychometrics.org/tests/characters/stats/GOT/24","https://openpsychometrics.org/tests/characters/test-resources/pics/GOT/24.jpg"
"37","GOT8","Jorah Mormont","GOT","Game of Thrones",63.6,"https://openpsychometrics.org/tests/characters/stats/GOT/8","https://openpsychometrics.org/tests/characters/test-resources/pics/GOT/8.jpg"
"38","GOT17","Catelyn Stark","GOT","Game of Thrones",62,"https://openpsychometrics.org/tests/characters/stats/GOT/17","https://openpsychometrics.org/tests/characters/test-resources/pics/GOT/17.jpg"
"39","GOT10","Petyr Baelish","GOT","Game of Thrones",61.6,"https://openpsychometrics.org/tests/characters/stats/GOT/10","https://openpsychometrics.org/tests/characters/test-resources/pics/GOT/10.jpg"
"40","GOT19","Margaery Tyrell","GOT","Game of Thrones",60.8,"https://openpsychometrics.org/tests/characters/stats/GOT/19","https://openpsychometrics.org/tests/characters/test-resources/pics/GOT/19.jpg"
"41","GOT30","Asha Greyjoy","GOT","Game of Thrones",58.7,"https://openpsychometrics.org/tests/characters/stats/GOT/30","https://openpsychometrics.org/tests/characters/test-resources/pics/GOT/30.jpg"
"42","GOT9","Theon Greyjoy","GOT","Game of Thrones",52.9,"https://openpsychometrics.org/tests/characters/stats/GOT/9","https://openpsychometrics.org/tests/characters/test-resources/pics/GOT/9.jpg"
"43","GOT29","Oberyn Martell","GOT","Game of Thrones",52.6,"https://openpsychometrics.org/tests/characters/stats/GOT/29","https://openpsychometrics.org/tests/characters/test-resources/pics/GOT/29.jpg"
"44","GOT21","Bronn","GOT","Game of Thrones",52.3,"https://openpsychometrics.org/tests/characters/stats/GOT/21","https://openpsychometrics.org/tests/characters/test-resources/pics/GOT/21.jpg"
"45","GOT23","Joffrey Baratheon","GOT","Game of Thrones",44.3,"https://openpsychometrics.org/tests/characters/stats/GOT/23","https://openpsychometrics.org/tests/characters/test-resources/pics/GOT/23.jpg"
"46","GOT28","Shae","GOT","Game of Thrones",40.5,"https://openpsychometrics.org/tests/characters/stats/GOT/28","https://openpsychometrics.org/tests/characters/test-resources/pics/GOT/28.jpg"
"47","GOT22","Stannis Baratheon","GOT","Game of Thrones",39.2,"https://openpsychometrics.org/tests/characters/stats/GOT/22","https://openpsychometrics.org/tests/characters/test-resources/pics/GOT/22.jpg"
"48","FUTR2","Turanga Leela","FUTR","Futurama",90,"https://openpsychometrics.org/tests/characters/stats/FUTR/2","https://openpsychometrics.org/tests/characters/test-resources/pics/FUTR/2.jpg"
"49","FUTR4","Professor Hubert J. Farnsworth","FUTR","Futurama",72.1,"https://openpsychometrics.org/tests/characters/stats/FUTR/4","https://openpsychometrics.org/tests/characters/test-resources/pics/FUTR/4.jpg"
"50","FUTR3","Bender Bending Rodriguez","FUTR","Futurama",68.2,"https://openpsychometrics.org/tests/characters/stats/FUTR/3","https://openpsychometrics.org/tests/characters/test-resources/pics/FUTR/3.jpg"
"51","FUTR1","Philip J. Fry","FUTR","Futurama",67.4,"https://openpsychometrics.org/tests/characters/stats/FUTR/1","https://openpsychometrics.org/tests/characters/test-resources/pics/FUTR/1.jpg"
"52","FUTR5","Amy Wong","FUTR","Futurama",59.6,"https://openpsychometrics.org/tests/characters/stats/FUTR/5","https://openpsychometrics.org/tests/characters/test-resources/pics/FUTR/5.jpg"
"53","FUTR10","Carol 'Mom' Miller","FUTR","Futurama",54.4,"https://openpsychometrics.org/tests/characters/stats/FUTR/10","https://openpsychometrics.org/tests/characters/test-resources/pics/FUTR/10.jpg"
"54","FUTR6","Hermes Conrad","FUTR","Futurama",50.8,"https://openpsychometrics.org/tests/characters/stats/FUTR/6","https://openpsychometrics.org/tests/characters/test-resources/pics/FUTR/6.jpg"
"55","FUTR7","Dr. John A. Zoidberg","FUTR","Futurama",40.9,"https://openpsychometrics.org/tests/characters/stats/FUTR/7","https://openpsychometrics.org/tests/characters/test-resources/pics/FUTR/7.jpg"
"56","FUTR9","Kif Kroker","FUTR","Futurama",37.8,"https://openpsychometrics.org/tests/characters/stats/FUTR/9","https://openpsychometrics.org/tests/characters/test-resources/pics/FUTR/9.jpg"
"57","FUTR8","Zapp Brannigan","FUTR","Futurama",24.5,"https://openpsychometrics.org/tests/characters/stats/FUTR/8","https://openpsychometrics.org/tests/characters/test-resources/pics/FUTR/8.jpg"
"58","TO3","Jim Halpert","TO","The Office",85.9,"https://openpsychometrics.org/tests/characters/stats/TO/3","https://openpsychometrics.org/tests/characters/test-resources/pics/TO/3.jpg"
"59","TO2","Dwight Schrute","TO","The Office",80.8,"https://openpsychometrics.org/tests/characters/stats/TO/2","https://openpsychometrics.org/tests/characters/test-resources/pics/TO/2.jpg"
"60","TO4","Pam Beesly","TO","The Office",80.4,"https://openpsychometrics.org/tests/characters/stats/TO/4","https://openpsychometrics.org/tests/characters/test-resources/pics/TO/4.jpg"
"61","TO1","Michael Scott","TO","The Office",79,"https://openpsychometrics.org/tests/characters/stats/TO/1","https://openpsychometrics.org/tests/characters/test-resources/pics/TO/1.jpg"
"62","TO8","Stanley Hudson","TO","The Office",63.3,"https://openpsychometrics.org/tests/characters/stats/TO/8","https://openpsychometrics.org/tests/characters/test-resources/pics/TO/8.jpg"
"63","TO11","Angela Martin","TO","The Office",54.6,"https://openpsychometrics.org/tests/characters/stats/TO/11","https://openpsychometrics.org/tests/characters/test-resources/pics/TO/11.jpg"
"64","TO9","Kevin Malone","TO","The Office",51,"https://openpsychometrics.org/tests/characters/stats/TO/9","https://openpsychometrics.org/tests/characters/test-resources/pics/TO/9.jpg"
"65","TO12","Phyllis Lapin","TO","The Office",48.3,"https://openpsychometrics.org/tests/characters/stats/TO/12","https://openpsychometrics.org/tests/characters/test-resources/pics/TO/12.jpg"
"66","TO13","Kelly Kapoor","TO","The Office",45.8,"https://openpsychometrics.org/tests/characters/stats/TO/13","https://openpsychometrics.org/tests/characters/test-resources/pics/TO/13.jpg"
"67","TO6","Andy Bernard","TO","The Office",40.4,"https://openpsychometrics.org/tests/characters/stats/TO/6","https://openpsychometrics.org/tests/characters/test-resources/pics/TO/6.jpg"
"68","TO7","Jan Levinson","TO","The Office",39.7,"https://openpsychometrics.org/tests/characters/stats/TO/7","https://openpsychometrics.org/tests/characters/test-resources/pics/TO/7.jpg"
"69","TO14","Kelly Erin Hannon","TO","The Office",39,"https://openpsychometrics.org/tests/characters/stats/TO/14","https://openpsychometrics.org/tests/characters/test-resources/pics/TO/14.jpg"
"70","TO5","Ryan Howard","TO","The Office",35.5,"https://openpsychometrics.org/tests/characters/stats/TO/5","https://openpsychometrics.org/tests/characters/test-resources/pics/TO/5.jpg"
"71","TO10","Meredith Palmer","TO","The Office",34,"https://openpsychometrics.org/tests/characters/stats/TO/10","https://openpsychometrics.org/tests/characters/test-resources/pics/TO/10.jpg"
"72","TO15","Robert California","TO","The Office",32.4,"https://openpsychometrics.org/tests/characters/stats/TO/15","https://openpsychometrics.org/tests/characters/test-resources/pics/TO/15.jpg"
"73","HP3","Hermione Granger","HP","Harry Potter",95,"https://openpsychometrics.org/tests/characters/stats/HP/3","https://openpsychometrics.org/tests/characters/test-resources/pics/HP/3.jpg"
"74","HP2","Harry Potter","HP","Harry Potter",88,"https://openpsychometrics.org/tests/characters/stats/HP/2","https://openpsychometrics.org/tests/characters/test-resources/pics/HP/2.jpg"
"75","HP5","Albus Dumbledore","HP","Harry Potter",87.8,"https://openpsychometrics.org/tests/characters/stats/HP/5","https://openpsychometrics.org/tests/characters/test-resources/pics/HP/5.jpg"
"76","HP6","Minerva McGonagall","HP","Harry Potter",87,"https://openpsychometrics.org/tests/characters/stats/HP/6","https://openpsychometrics.org/tests/characters/test-resources/pics/HP/6.jpg"
"77","HP30","Sirius Black","HP","Harry Potter",86.5,"https://openpsychometrics.org/tests/characters/stats/HP/30","https://openpsychometrics.org/tests/characters/test-resources/pics/HP/30.jpg"
"78","HP4","Rubeus Hagrid","HP","Harry Potter",85.6,"https://openpsychometrics.org/tests/characters/stats/HP/4","https://openpsychometrics.org/tests/characters/test-resources/pics/HP/4.jpg"
"79","HP12","Lord Voldemort","HP","Harry Potter",83,"https://openpsychometrics.org/tests/characters/stats/HP/12","https://openpsychometrics.org/tests/characters/test-resources/pics/HP/12.jpg"
"80","HP7","Severus Snape","HP","Harry Potter",82,"https://openpsychometrics.org/tests/characters/stats/HP/7","https://openpsychometrics.org/tests/characters/test-resources/pics/HP/7.jpg"
"81","HP1","Ron Weasley","HP","Harry Potter",81.7,"https://openpsychometrics.org/tests/characters/stats/HP/1","https://openpsychometrics.org/tests/characters/test-resources/pics/HP/1.jpg"
"82","HP20","Remus Lupin","HP","Harry Potter",81.2,"https://openpsychometrics.org/tests/characters/stats/HP/20","https://openpsychometrics.org/tests/characters/test-resources/pics/HP/20.jpg"
"83","HP27","Dobby","HP","Harry Potter",80,"https://openpsychometrics.org/tests/characters/stats/HP/27","https://openpsychometrics.org/tests/characters/test-resources/pics/HP/27.jpg"
"84","HP9","Luna Lovegood","HP","Harry Potter",74.1,"https://openpsychometrics.org/tests/characters/stats/HP/9","https://openpsychometrics.org/tests/characters/test-resources/pics/HP/9.jpg"
"85","HP18","George Weasley","HP","Harry Potter",71.9,"https://openpsychometrics.org/tests/characters/stats/HP/18","https://openpsychometrics.org/tests/characters/test-resources/pics/HP/18.jpg"
"86","HP11","Molly Weasley","HP","Harry Potter",71.5,"https://openpsychometrics.org/tests/characters/stats/HP/11","https://openpsychometrics.org/tests/characters/test-resources/pics/HP/11.jpg"
"87","HP10","Draco Malfoy","HP","Harry Potter",70.5,"https://openpsychometrics.org/tests/characters/stats/HP/10","https://openpsychometrics.org/tests/characters/test-resources/pics/HP/10.jpg"
"88","HP19","Alastor Moody","HP","Harry Potter",67.4,"https://openpsychometrics.org/tests/characters/stats/HP/19","https://openpsychometrics.org/tests/characters/test-resources/pics/HP/19.jpg"
"89","HP28","Bellatrix Lestrange","HP","Harry Potter",66.4,"https://openpsychometrics.org/tests/characters/stats/HP/28","https://openpsychometrics.org/tests/characters/test-resources/pics/HP/28.jpg"
"90","HP21","Arthur Weasley","HP","Harry Potter",62.3,"https://openpsychometrics.org/tests/characters/stats/HP/21","https://openpsychometrics.org/tests/characters/test-resources/pics/HP/21.jpg"
"91","HP8","Ginny Weasley","HP","Harry Potter",61.4,"https://openpsychometrics.org/tests/characters/stats/HP/8","https://openpsychometrics.org/tests/characters/test-resources/pics/HP/8.jpg"
"92","HP29","Nymphadora Tonks","HP","Harry Potter",60.9,"https://openpsychometrics.org/tests/characters/stats/HP/29","https://openpsychometrics.org/tests/characters/test-resources/pics/HP/29.jpg"
"93","HP17","Horace Slughorn","HP","Harry Potter",46.9,"https://openpsychometrics.org/tests/characters/stats/HP/17","https://openpsychometrics.org/tests/characters/test-resources/pics/HP/17.jpg"
"94","HP25","Moaning Myrtle","HP","Harry Potter",45.9,"https://openpsychometrics.org/tests/characters/stats/HP/25","https://openpsychometrics.org/tests/characters/test-resources/pics/HP/25.jpg"
"95","HP14","Fleur Delacour","HP","Harry Potter",43.3,"https://openpsychometrics.org/tests/characters/stats/HP/14","https://openpsychometrics.org/tests/characters/test-resources/pics/HP/14.jpg"
"96","HP16","Filius Flitwick","HP","Harry Potter",38.1,"https://openpsychometrics.org/tests/characters/stats/HP/16","https://openpsychometrics.org/tests/characters/test-resources/pics/HP/16.jpg"
"97","HP15","Viktor Krum","HP","Harry Potter",36.4,"https://openpsychometrics.org/tests/characters/stats/HP/15","https://openpsychometrics.org/tests/characters/test-resources/pics/HP/15.jpg"
"98","HP13","Cho Chang","HP","Harry Potter",32.9,"https://openpsychometrics.org/tests/characters/stats/HP/13","https://openpsychometrics.org/tests/characters/test-resources/pics/HP/13.jpg"
"99","HP23","Dolores Umbridge","HP","Harry Potter",29.5,"https://openpsychometrics.org/tests/characters/stats/HP/23","https://openpsychometrics.org/tests/characters/test-resources/pics/HP/23.jpg"
"100","HP22","Cornelius Fudge","HP","Harry Potter",28.6,"https://openpsychometrics.org/tests/characters/stats/HP/22","https://openpsychometrics.org/tests/characters/test-resources/pics/HP/22.jpg"
"101","HP24","Petunia Dursley","HP","Harry Potter",27.8,"https://openpsychometrics.org/tests/characters/stats/HP/24","https://openpsychometrics.org/tests/characters/test-resources/pics/HP/24.jpg"
"102","HP26","Rita Skeeter","HP","Harry Potter",25,"https://openpsychometrics.org/tests/characters/stats/HP/26","https://openpsychometrics.org/tests/characters/test-resources/pics/HP/26.jpg"
"103","GA2","Cristina Yang","GA","Grey's Anatomy",90.8,"https://openpsychometrics.org/tests/characters/stats/GA/2","https://openpsychometrics.org/tests/characters/test-resources/pics/GA/2.jpg"
"104","GA6","Miranda Bailey","GA","Grey's Anatomy",90.6,"https://openpsychometrics.org/tests/characters/stats/GA/6","https://openpsychometrics.org/tests/characters/test-resources/pics/GA/6.jpg"
"105","GA1","Meredith Grey","GA","Grey's Anatomy",88.3,"https://openpsychometrics.org/tests/characters/stats/GA/1","https://openpsychometrics.org/tests/characters/test-resources/pics/GA/1.jpg"
"106","GA9","Derek Shepherd","GA","Grey's Anatomy",87.5,"https://openpsychometrics.org/tests/characters/stats/GA/9","https://openpsychometrics.org/tests/characters/test-resources/pics/GA/9.jpg"
"107","GA4","Alex Karev","GA","Grey's Anatomy",81.5,"https://openpsychometrics.org/tests/characters/stats/GA/4","https://openpsychometrics.org/tests/characters/test-resources/pics/GA/4.jpg"
"108","GA7","Richard Webber","GA","Grey's Anatomy",80.8,"https://openpsychometrics.org/tests/characters/stats/GA/7","https://openpsychometrics.org/tests/characters/test-resources/pics/GA/7.jpg"
"109","GA5","George O'Malley","GA","Grey's Anatomy",68.3,"https://openpsychometrics.org/tests/characters/stats/GA/5","https://openpsychometrics.org/tests/characters/test-resources/pics/GA/5.jpg"
"110","GA10","Addison Montgomery","GA","Grey's Anatomy",61.3,"https://openpsychometrics.org/tests/characters/stats/GA/10","https://openpsychometrics.org/tests/characters/test-resources/pics/GA/10.jpg"
"111","GA3","Izzie Stevens","GA","Grey's Anatomy",46.1,"https://openpsychometrics.org/tests/characters/stats/GA/3","https://openpsychometrics.org/tests/characters/test-resources/pics/GA/3.jpg"
"112","GA8","Preston Burke","GA","Grey's Anatomy",45.1,"https://openpsychometrics.org/tests/characters/stats/GA/8","https://openpsychometrics.org/tests/characters/test-resources/pics/GA/8.jpg"
"113","H1","Dr. Gregory House","H","House",91.4,"https://openpsychometrics.org/tests/characters/stats/H/1","https://openpsychometrics.org/tests/characters/test-resources/pics/H/1.jpg"
"114","H2","Dr. Lisa Cuddy","H","House",78.5,"https://openpsychometrics.org/tests/characters/stats/H/2","https://openpsychometrics.org/tests/characters/test-resources/pics/H/2.jpg"
"115","H3","Dr. James Wilson","H","House",77.5,"https://openpsychometrics.org/tests/characters/stats/H/3","https://openpsychometrics.org/tests/characters/test-resources/pics/H/3.jpg"
"116","H4","Dr. Eric Foreman","H","House",67.7,"https://openpsychometrics.org/tests/characters/stats/H/4","https://openpsychometrics.org/tests/characters/test-resources/pics/H/4.jpg"
"117","H6","Dr. Allison Cameron","H","House",63.8,"https://openpsychometrics.org/tests/characters/stats/H/6","https://openpsychometrics.org/tests/characters/test-resources/pics/H/6.jpg"
"118","H5","Dr. Robert Chase","H","House",56.1,"https://openpsychometrics.org/tests/characters/stats/H/5","https://openpsychometrics.org/tests/characters/test-resources/pics/H/5.jpg"
"119","PR1","Leslie Knope","PR","Parks and Recreation",88.9,"https://openpsychometrics.org/tests/characters/stats/PR/1","https://openpsychometrics.org/tests/characters/test-resources/pics/PR/1.jpg"
"120","PR5","Ron Swanson","PR","Parks and Recreation",86.6,"https://openpsychometrics.org/tests/characters/stats/PR/5","https://openpsychometrics.org/tests/characters/test-resources/pics/PR/5.jpg"
"121","PR6","April Ludgate","PR","Parks and Recreation",78.8,"https://openpsychometrics.org/tests/characters/stats/PR/6","https://openpsychometrics.org/tests/characters/test-resources/pics/PR/6.jpg"
"122","PR8","Donna Meagle","PR","Parks and Recreation",72.7,"https://openpsychometrics.org/tests/characters/stats/PR/8","https://openpsychometrics.org/tests/characters/test-resources/pics/PR/8.jpg"
"123","PR9","Ben Wyatt","PR","Parks and Recreation",72,"https://openpsychometrics.org/tests/characters/stats/PR/9","https://openpsychometrics.org/tests/characters/test-resources/pics/PR/9.jpg"
"124","PR2","Ann Perkins","PR","Parks and Recreation",67.9,"https://openpsychometrics.org/tests/characters/stats/PR/2","https://openpsychometrics.org/tests/characters/test-resources/pics/PR/2.jpg"
"125","PR10","Chris Traeger","PR","Parks and Recreation",65.5,"https://openpsychometrics.org/tests/characters/stats/PR/10","https://openpsychometrics.org/tests/characters/test-resources/pics/PR/10.jpg"
"126","PR4","Tom Haverford","PR","Parks and Recreation",59.4,"https://openpsychometrics.org/tests/characters/stats/PR/4","https://openpsychometrics.org/tests/characters/test-resources/pics/PR/4.jpg"
"127","PR7","Jerry Gergich","PR","Parks and Recreation",33.2,"https://openpsychometrics.org/tests/characters/stats/PR/7","https://openpsychometrics.org/tests/characters/test-resources/pics/PR/7.jpg"
"128","PR3","Mark Brendanawicz","PR","Parks and Recreation",19.3,"https://openpsychometrics.org/tests/characters/stats/PR/3","https://openpsychometrics.org/tests/characters/test-resources/pics/PR/3.jpg"
"129","BBT2","Sheldon Cooper","BBT","The Big Bang Theory",84.3,"https://openpsychometrics.org/tests/characters/stats/BBT/2","https://openpsychometrics.org/tests/characters/test-resources/pics/BBT/2.jpg"
"130","BBT1","Leonard Hofstadter","BBT","The Big Bang Theory",74.7,"https://openpsychometrics.org/tests/characters/stats/BBT/1","https://openpsychometrics.org/tests/characters/test-resources/pics/BBT/1.jpg"
"131","BBT3","Penny","BBT","The Big Bang Theory",74.7,"https://openpsychometrics.org/tests/characters/stats/BBT/3","https://openpsychometrics.org/tests/characters/test-resources/pics/BBT/3.jpg"
"132","BBT8","Amy Farrah Fowler","BBT","The Big Bang Theory",74,"https://openpsychometrics.org/tests/characters/stats/BBT/8","https://openpsychometrics.org/tests/characters/test-resources/pics/BBT/8.jpg"
"133","BBT7","Bernadette Rostenkowski","BBT","The Big Bang Theory",63.1,"https://openpsychometrics.org/tests/characters/stats/BBT/7","https://openpsychometrics.org/tests/characters/test-resources/pics/BBT/7.jpg"
"134","BBT5","Raj Koothrappali","BBT","The Big Bang Theory",58.9,"https://openpsychometrics.org/tests/characters/stats/BBT/5","https://openpsychometrics.org/tests/characters/test-resources/pics/BBT/5.jpg"
"135","BBT4","Howard Wolowitz","BBT","The Big Bang Theory",55.5,"https://openpsychometrics.org/tests/characters/stats/BBT/4","https://openpsychometrics.org/tests/characters/test-resources/pics/BBT/4.jpg"
"136","BBT10","Mary Cooper","BBT","The Big Bang Theory",40.9,"https://openpsychometrics.org/tests/characters/stats/BBT/10","https://openpsychometrics.org/tests/characters/test-resources/pics/BBT/10.jpg"
"137","BBT6","Leslie Winkle","BBT","The Big Bang Theory",25.7,"https://openpsychometrics.org/tests/characters/stats/BBT/6","https://openpsychometrics.org/tests/characters/test-resources/pics/BBT/6.jpg"
"138","BBT9","Stuart Bloom","BBT","The Big Bang Theory",24.9,"https://openpsychometrics.org/tests/characters/stats/BBT/9","https://openpsychometrics.org/tests/characters/test-resources/pics/BBT/9.jpg"
"139","SUC1","Logan Roy","SUC","Succession",91.6,"https://openpsychometrics.org/tests/characters/stats/SUC/1","https://openpsychometrics.org/tests/characters/test-resources/pics/SUC/1.jpg"
"140","SUC3","Shiv Roy","SUC","Succession",77.7,"https://openpsychometrics.org/tests/characters/stats/SUC/3","https://openpsychometrics.org/tests/characters/test-resources/pics/SUC/3.jpg"
"141","SUC2","Roman Roy","SUC","Succession",70.4,"https://openpsychometrics.org/tests/characters/stats/SUC/2","https://openpsychometrics.org/tests/characters/test-resources/pics/SUC/2.jpg"
"142","SUC4","Kendall Roy","SUC","Succession",66.4,"https://openpsychometrics.org/tests/characters/stats/SUC/4","https://openpsychometrics.org/tests/characters/test-resources/pics/SUC/4.jpg"
"143","SUC5","Marcia Roy","SUC","Succession",56.6,"https://openpsychometrics.org/tests/characters/stats/SUC/5","https://openpsychometrics.org/tests/characters/test-resources/pics/SUC/5.jpg"
"144","SUC6","Greg Hirsch","SUC","Succession",39.1,"https://openpsychometrics.org/tests/characters/stats/SUC/6","https://openpsychometrics.org/tests/characters/test-resources/pics/SUC/6.jpg"
"145","SUC8","Tom Wambsgans","SUC","Succession",39,"https://openpsychometrics.org/tests/characters/stats/SUC/8","https://openpsychometrics.org/tests/characters/test-resources/pics/SUC/8.jpg"
"146","SUC7","Frank Vernon","SUC","Succession",36.8,"https://openpsychometrics.org/tests/characters/stats/SUC/7","https://openpsychometrics.org/tests/characters/test-resources/pics/SUC/7.jpg"
"147","SUC10","Lawrence Yee","SUC","Succession",33.1,"https://openpsychometrics.org/tests/characters/stats/SUC/10","https://openpsychometrics.org/tests/characters/test-resources/pics/SUC/10.jpg"
"148","SUC9","Connor Roy","SUC","Succession",18.7,"https://openpsychometrics.org/tests/characters/stats/SUC/9","https://openpsychometrics.org/tests/characters/test-resources/pics/SUC/9.jpg"
"149","WSW1","Dolores Abernathy","WSW","Westworld",93.4,"https://openpsychometrics.org/tests/characters/stats/WSW/1","https://openpsychometrics.org/tests/characters/test-resources/pics/WSW/1.jpg"
"150","WSW9","Robert Ford","WSW","Westworld",89.1,"https://openpsychometrics.org/tests/characters/stats/WSW/9","https://openpsychometrics.org/tests/characters/test-resources/pics/WSW/9.jpg"
"151","WSW2","Maeve Millay","WSW","Westworld",87.1,"https://openpsychometrics.org/tests/characters/stats/WSW/2","https://openpsychometrics.org/tests/characters/test-resources/pics/WSW/2.jpg"
"152","WSW8","Man in Black","WSW","Westworld",84.3,"https://openpsychometrics.org/tests/characters/stats/WSW/8","https://openpsychometrics.org/tests/characters/test-resources/pics/WSW/8.jpg"
"153","WSW3","Bernard Lowe","WSW","Westworld",82.2,"https://openpsychometrics.org/tests/characters/stats/WSW/3","https://openpsychometrics.org/tests/characters/test-resources/pics/WSW/3.jpg"
"154","WSW11","Charlotte Hale","WSW","Westworld",68.6,"https://openpsychometrics.org/tests/characters/stats/WSW/11","https://openpsychometrics.org/tests/characters/test-resources/pics/WSW/11.jpg"
"155","WSW12","Akecheta","WSW","Westworld",67.2,"https://openpsychometrics.org/tests/characters/stats/WSW/12","https://openpsychometrics.org/tests/characters/test-resources/pics/WSW/12.jpg"
"156","WSW4","Teddy Flood","WSW","Westworld",64.4,"https://openpsychometrics.org/tests/characters/stats/WSW/4","https://openpsychometrics.org/tests/characters/test-resources/pics/WSW/4.jpg"
"157","WSW15","Felix Lutz","WSW","Westworld",53.6,"https://openpsychometrics.org/tests/characters/stats/WSW/15","https://openpsychometrics.org/tests/characters/test-resources/pics/WSW/15.jpg"
"158","WSW13","Clementine Pennyfeather","WSW","Westworld",51.2,"https://openpsychometrics.org/tests/characters/stats/WSW/13","https://openpsychometrics.org/tests/characters/test-resources/pics/WSW/13.jpg"
"159","WSW10","Theresa Cullen","WSW","Westworld",49,"https://openpsychometrics.org/tests/characters/stats/WSW/10","https://openpsychometrics.org/tests/characters/test-resources/pics/WSW/10.jpg"
"160","WSW6","Lee Sizemore","WSW","Westworld",48.9,"https://openpsychometrics.org/tests/characters/stats/WSW/6","https://openpsychometrics.org/tests/characters/test-resources/pics/WSW/6.jpg"
"161","WSW14","Logan Delos","WSW","Westworld",44.8,"https://openpsychometrics.org/tests/characters/stats/WSW/14","https://openpsychometrics.org/tests/characters/test-resources/pics/WSW/14.jpg"
"162","WSW7","Elsie Hughes","WSW","Westworld",42.3,"https://openpsychometrics.org/tests/characters/stats/WSW/7","https://openpsychometrics.org/tests/characters/test-resources/pics/WSW/7.jpg"
"163","WSW5","Ashley Stubbs","WSW","Westworld",35.3,"https://openpsychometrics.org/tests/characters/stats/WSW/5","https://openpsychometrics.org/tests/characters/test-resources/pics/WSW/5.jpg"
"164","R305","Jack Donaghy","R30","30 Rock",85.1,"https://openpsychometrics.org/tests/characters/stats/R30/5","https://openpsychometrics.org/tests/characters/test-resources/pics/R30/5.jpg"
"165","R302","Tracy Jordan","R30","30 Rock",72.6,"https://openpsychometrics.org/tests/characters/stats/R30/2","https://openpsychometrics.org/tests/characters/test-resources/pics/R30/2.jpg"
"166","R301","Liz Lemon","R30","30 Rock",72.1,"https://openpsychometrics.org/tests/characters/stats/R30/1","https://openpsychometrics.org/tests/characters/test-resources/pics/R30/1.jpg"
"167","R306","Jenna Maroney","R30","30 Rock",58,"https://openpsychometrics.org/tests/characters/stats/R30/6","https://openpsychometrics.org/tests/characters/test-resources/pics/R30/6.jpg"
"168","R303","Kenneth Parcell","R30","30 Rock",46.1,"https://openpsychometrics.org/tests/characters/stats/R30/3","https://openpsychometrics.org/tests/characters/test-resources/pics/R30/3.jpg"
"169","R304","Pete Hornberger","R30","30 Rock",26,"https://openpsychometrics.org/tests/characters/stats/R30/4","https://openpsychometrics.org/tests/characters/test-resources/pics/R30/4.jpg"
"170","UA5","Klaus Hargreeves","UA","The Umbrella Academy",79.3,"https://openpsychometrics.org/tests/characters/stats/UA/5","https://openpsychometrics.org/tests/characters/test-resources/pics/UA/5.jpg"
"171","UA6","Ben Hargreeves","UA","The Umbrella Academy",75.8,"https://openpsychometrics.org/tests/characters/stats/UA/6","https://openpsychometrics.org/tests/characters/test-resources/pics/UA/6.jpg"
"172","UA1","Vanya Hargreeves","UA","The Umbrella Academy",74.3,"https://openpsychometrics.org/tests/characters/stats/UA/1","https://openpsychometrics.org/tests/characters/test-resources/pics/UA/1.jpg"
"173","UA3","Diego Hargreeves","UA","The Umbrella Academy",70,"https://openpsychometrics.org/tests/characters/stats/UA/3","https://openpsychometrics.org/tests/characters/test-resources/pics/UA/3.jpg"
"174","UA4","Allison Hargreeves","UA","The Umbrella Academy",68.7,"https://openpsychometrics.org/tests/characters/stats/UA/4","https://openpsychometrics.org/tests/characters/test-resources/pics/UA/4.jpg"
"175","UA2","Luther Hargreeves","UA","The Umbrella Academy",45.5,"https://openpsychometrics.org/tests/characters/stats/UA/2","https://openpsychometrics.org/tests/characters/test-resources/pics/UA/2.jpg"
"176","GILG1","Lorelai Gilmore","GILG","Gilmore Girls",89.6,"https://openpsychometrics.org/tests/characters/stats/GILG/1","https://openpsychometrics.org/tests/characters/test-resources/pics/GILG/1.jpg"
"177","GILG4","Luke Danes","GILG","Gilmore Girls",87.3,"https://openpsychometrics.org/tests/characters/stats/GILG/4","https://openpsychometrics.org/tests/characters/test-resources/pics/GILG/4.jpg"
"178","GILG10","Paris Geller","GILG","Gilmore Girls",77.8,"https://openpsychometrics.org/tests/characters/stats/GILG/10","https://openpsychometrics.org/tests/characters/test-resources/pics/GILG/10.jpg"
"179","GILG2","Rory Gilmore","GILG","Gilmore Girls",77.5,"https://openpsychometrics.org/tests/characters/stats/GILG/2","https://openpsychometrics.org/tests/characters/test-resources/pics/GILG/2.jpg"
"180","GILG13","Logan Huntzberger","GILG","Gilmore Girls",75.4,"https://openpsychometrics.org/tests/characters/stats/GILG/13","https://openpsychometrics.org/tests/characters/test-resources/pics/GILG/13.jpg"
"181","GILG8","Sookie St. James","GILG","Gilmore Girls",75.3,"https://openpsychometrics.org/tests/characters/stats/GILG/8","https://openpsychometrics.org/tests/characters/test-resources/pics/GILG/8.jpg"
"182","GILG6","Emily Gilmore","GILG","Gilmore Girls",74.9,"https://openpsychometrics.org/tests/characters/stats/GILG/6","https://openpsychometrics.org/tests/characters/test-resources/pics/GILG/6.jpg"
"183","GILG7","Richard Gilmore","GILG","Gilmore Girls",70,"https://openpsychometrics.org/tests/characters/stats/GILG/7","https://openpsychometrics.org/tests/characters/test-resources/pics/GILG/7.jpg"
"184","GILG11","Miss Patty","GILG","Gilmore Girls",60.9,"https://openpsychometrics.org/tests/characters/stats/GILG/11","https://openpsychometrics.org/tests/characters/test-resources/pics/GILG/11.jpg"
"185","GILG5","Michel Gerard","GILG","Gilmore Girls",60,"https://openpsychometrics.org/tests/characters/stats/GILG/5","https://openpsychometrics.org/tests/characters/test-resources/pics/GILG/5.jpg"
"186","GILG3","Lane Kim","GILG","Gilmore Girls",58.2,"https://openpsychometrics.org/tests/characters/stats/GILG/3","https://openpsychometrics.org/tests/characters/test-resources/pics/GILG/3.jpg"
"187","GILG12","Dean Forester","GILG","Gilmore Girls",47.6,"https://openpsychometrics.org/tests/characters/stats/GILG/12","https://openpsychometrics.org/tests/characters/test-resources/pics/GILG/12.jpg"
"188","GILG14","Jackson Belleville","GILG","Gilmore Girls",44.3,"https://openpsychometrics.org/tests/characters/stats/GILG/14","https://openpsychometrics.org/tests/characters/test-resources/pics/GILG/14.jpg"
"189","GILG9","Kirk Gleason","GILG","Gilmore Girls",40.4,"https://openpsychometrics.org/tests/characters/stats/GILG/9","https://openpsychometrics.org/tests/characters/test-resources/pics/GILG/9.jpg"
"190","GILG15","Taylor Doose","GILG","Gilmore Girls",33.6,"https://openpsychometrics.org/tests/characters/stats/GILG/15","https://openpsychometrics.org/tests/characters/test-resources/pics/GILG/15.jpg"
"191","SsC3","David Rose","SsC","Schitt's Creek",82.1,"https://openpsychometrics.org/tests/characters/stats/SsC/3","https://openpsychometrics.org/tests/characters/test-resources/pics/SsC/3.jpg"
"192","SsC4","Alexis Rose","SsC","Schitt's Creek",78.3,"https://openpsychometrics.org/tests/characters/stats/SsC/4","https://openpsychometrics.org/tests/characters/test-resources/pics/SsC/4.jpg"
"193","SsC1","Johnny Rose","SsC","Schitt's Creek",73.4,"https://openpsychometrics.org/tests/characters/stats/SsC/1","https://openpsychometrics.org/tests/characters/test-resources/pics/SsC/1.jpg"
"194","SsC2","Moira Rose","SsC","Schitt's Creek",72.1,"https://openpsychometrics.org/tests/characters/stats/SsC/2","https://openpsychometrics.org/tests/characters/test-resources/pics/SsC/2.jpg"
"195","SsC5","Stevie Budd","SsC","Schitt's Creek",69.5,"https://openpsychometrics.org/tests/characters/stats/SsC/5","https://openpsychometrics.org/tests/characters/test-resources/pics/SsC/5.jpg"
"196","SsC6","Ted Mullens","SsC","Schitt's Creek",54.3,"https://openpsychometrics.org/tests/characters/stats/SsC/6","https://openpsychometrics.org/tests/characters/test-resources/pics/SsC/6.jpg"
"197","GOG2","Blair Waldorf","GOG","Gossip Girl",87.6,"https://openpsychometrics.org/tests/characters/stats/GOG/2","https://openpsychometrics.org/tests/characters/test-resources/pics/GOG/2.jpg"
"198","GOG5","Chuck Bass","GOG","Gossip Girl",85.8,"https://openpsychometrics.org/tests/characters/stats/GOG/5","https://openpsychometrics.org/tests/characters/test-resources/pics/GOG/5.jpg"
"199","GOG1","Serena van der Woodsen","GOG","Gossip Girl",72.6,"https://openpsychometrics.org/tests/characters/stats/GOG/1","https://openpsychometrics.org/tests/characters/test-resources/pics/GOG/1.jpg"
"200","GOG4","Nate Archibald","GOG","Gossip Girl",62.2,"https://openpsychometrics.org/tests/characters/stats/GOG/4","https://openpsychometrics.org/tests/characters/test-resources/pics/GOG/4.jpg"
"201","GOG6","Lily van der Woodsen","GOG","Gossip Girl",57,"https://openpsychometrics.org/tests/characters/stats/GOG/6","https://openpsychometrics.org/tests/characters/test-resources/pics/GOG/6.jpg"
"202","GOG3","Dan Humphrey","GOG","Gossip Girl",43.6,"https://openpsychometrics.org/tests/characters/stats/GOG/3","https://openpsychometrics.org/tests/characters/test-resources/pics/GOG/3.jpg"
"203","S4","Lisa Simpson","S","The Simpsons",82.9,"https://openpsychometrics.org/tests/characters/stats/S/4","https://openpsychometrics.org/tests/characters/test-resources/pics/S/4.jpg"
"204","S3","Marge Simpson","S","The Simpsons",82.4,"https://openpsychometrics.org/tests/characters/stats/S/3","https://openpsychometrics.org/tests/characters/test-resources/pics/S/3.jpg"
"205","S2","Bart Simpson","S","The Simpsons",75.3,"https://openpsychometrics.org/tests/characters/stats/S/2","https://openpsychometrics.org/tests/characters/test-resources/pics/S/2.jpg"
"206","S6","Mr. Burns","S","The Simpsons",69.3,"https://openpsychometrics.org/tests/characters/stats/S/6","https://openpsychometrics.org/tests/characters/test-resources/pics/S/6.jpg"
"207","S1","Homer Simpson","S","The Simpsons",68,"https://openpsychometrics.org/tests/characters/stats/S/1","https://openpsychometrics.org/tests/characters/test-resources/pics/S/1.jpg"
"208","S7","Ned Flanders","S","The Simpsons",51.3,"https://openpsychometrics.org/tests/characters/stats/S/7","https://openpsychometrics.org/tests/characters/test-resources/pics/S/7.jpg"
"209","S9","Moe Szyslak","S","The Simpsons",47.8,"https://openpsychometrics.org/tests/characters/stats/S/9","https://openpsychometrics.org/tests/characters/test-resources/pics/S/9.jpg"
"210","S11","Krusty the Clown","S","The Simpsons",43,"https://openpsychometrics.org/tests/characters/stats/S/11","https://openpsychometrics.org/tests/characters/test-resources/pics/S/11.jpg"
"211","S5","Apu Nahasapeemapetilon","S","The Simpsons",39.3,"https://openpsychometrics.org/tests/characters/stats/S/5","https://openpsychometrics.org/tests/characters/test-resources/pics/S/5.jpg"
"212","S8","Milhouse Van Houten","S","The Simpsons",37.6,"https://openpsychometrics.org/tests/characters/stats/S/8","https://openpsychometrics.org/tests/characters/test-resources/pics/S/8.jpg"
"213","S15","Principal Skinner","S","The Simpsons",37.2,"https://openpsychometrics.org/tests/characters/stats/S/15","https://openpsychometrics.org/tests/characters/test-resources/pics/S/15.jpg"
"214","S10","Nelson Muntz","S","The Simpsons",36.2,"https://openpsychometrics.org/tests/characters/stats/S/10","https://openpsychometrics.org/tests/characters/test-resources/pics/S/10.jpg"
"215","S13","Waylon Smithers","S","The Simpsons",35,"https://openpsychometrics.org/tests/characters/stats/S/13","https://openpsychometrics.org/tests/characters/test-resources/pics/S/13.jpg"
"216","S12","Edna Krabappel","S","The Simpsons",27.9,"https://openpsychometrics.org/tests/characters/stats/S/12","https://openpsychometrics.org/tests/characters/test-resources/pics/S/12.jpg"
"217","S14","Barney Gumble","S","The Simpsons",26.2,"https://openpsychometrics.org/tests/characters/stats/S/14","https://openpsychometrics.org/tests/characters/test-resources/pics/S/14.jpg"
"218","SCRUBS5","Perry Cox","SCRUBS","Scrubs",84,"https://openpsychometrics.org/tests/characters/stats/SCRUBS/5","https://openpsychometrics.org/tests/characters/test-resources/pics/SCRUBS/5.jpg"
"219","SCRUBS3","Christopher Turk","SCRUBS","Scrubs",81.5,"https://openpsychometrics.org/tests/characters/stats/SCRUBS/3","https://openpsychometrics.org/tests/characters/test-resources/pics/SCRUBS/3.jpg"
"220","SCRUBS6","Carla Espinosa","SCRUBS","Scrubs",77.9,"https://openpsychometrics.org/tests/characters/stats/SCRUBS/6","https://openpsychometrics.org/tests/characters/test-resources/pics/SCRUBS/6.jpg"
"221","SCRUBS1","John Michael Dorian","SCRUBS","Scrubs",77.5,"https://openpsychometrics.org/tests/characters/stats/SCRUBS/1","https://openpsychometrics.org/tests/characters/test-resources/pics/SCRUBS/1.jpg"
"222","SCRUBS2","Elliot Reid","SCRUBS","Scrubs",72,"https://openpsychometrics.org/tests/characters/stats/SCRUBS/2","https://openpsychometrics.org/tests/characters/test-resources/pics/SCRUBS/2.jpg"
"223","SCRUBS4","Bob Kelso","SCRUBS","Scrubs",64.7,"https://openpsychometrics.org/tests/characters/stats/SCRUBS/4","https://openpsychometrics.org/tests/characters/test-resources/pics/SCRUBS/4.jpg"
"224","LOTR6","Gandalf","LOTR","Lord of the Rings",93.7,"https://openpsychometrics.org/tests/characters/stats/LOTR/6","https://openpsychometrics.org/tests/characters/test-resources/pics/LOTR/6.jpg"
"225","LOTR2","Aragorn","LOTR","Lord of the Rings",89.4,"https://openpsychometrics.org/tests/characters/stats/LOTR/2","https://openpsychometrics.org/tests/characters/test-resources/pics/LOTR/2.jpg"
"226","LOTR8","Legolas","LOTR","Lord of the Rings",85.3,"https://openpsychometrics.org/tests/characters/stats/LOTR/8","https://openpsychometrics.org/tests/characters/test-resources/pics/LOTR/8.jpg"
"227","LOTR1","Frodo Baggins","LOTR","Lord of the Rings",84,"https://openpsychometrics.org/tests/characters/stats/LOTR/1","https://openpsychometrics.org/tests/characters/test-resources/pics/LOTR/1.jpg"
"228","LOTR5","Samwise Gamgee","LOTR","Lord of the Rings",84,"https://openpsychometrics.org/tests/characters/stats/LOTR/5","https://openpsychometrics.org/tests/characters/test-resources/pics/LOTR/5.jpg"
"229","LOTR10","Gollum","LOTR","Lord of the Rings",74.1,"https://openpsychometrics.org/tests/characters/stats/LOTR/10","https://openpsychometrics.org/tests/characters/test-resources/pics/LOTR/10.jpg"
"230","LOTR7","Gimli","LOTR","Lord of the Rings",72.2,"https://openpsychometrics.org/tests/characters/stats/LOTR/7","https://openpsychometrics.org/tests/characters/test-resources/pics/LOTR/7.jpg"
"231","LOTR3","Boromir","LOTR","Lord of the Rings",65.9,"https://openpsychometrics.org/tests/characters/stats/LOTR/3","https://openpsychometrics.org/tests/characters/test-resources/pics/LOTR/3.jpg"
"232","LOTR4","Merry Brandybuck","LOTR","Lord of the Rings",58.7,"https://openpsychometrics.org/tests/characters/stats/LOTR/4","https://openpsychometrics.org/tests/characters/test-resources/pics/LOTR/4.jpg"
"233","LOTR9","Pippin Took","LOTR","Lord of the Rings",58.6,"https://openpsychometrics.org/tests/characters/stats/LOTR/9","https://openpsychometrics.org/tests/characters/test-resources/pics/LOTR/9.jpg"
"234","BOBB5","Louise Belcher","BOBB","Bob's Burgers",82.4,"https://openpsychometrics.org/tests/characters/stats/BOBB/5","https://openpsychometrics.org/tests/characters/test-resources/pics/BOBB/5.jpg"
"235","BOBB2","Linda Belcher","BOBB","Bob's Burgers",72.2,"https://openpsychometrics.org/tests/characters/stats/BOBB/2","https://openpsychometrics.org/tests/characters/test-resources/pics/BOBB/2.jpg"
"236","BOBB1","Bob Belcher","BOBB","Bob's Burgers",67.9,"https://openpsychometrics.org/tests/characters/stats/BOBB/1","https://openpsychometrics.org/tests/characters/test-resources/pics/BOBB/1.jpg"
"237","BOBB4","Gene Belcher","BOBB","Bob's Burgers",64.4,"https://openpsychometrics.org/tests/characters/stats/BOBB/4","https://openpsychometrics.org/tests/characters/test-resources/pics/BOBB/4.jpg"
"238","BOBB3","Tina Belcher","BOBB","Bob's Burgers",55.1,"https://openpsychometrics.org/tests/characters/stats/BOBB/3","https://openpsychometrics.org/tests/characters/test-resources/pics/BOBB/3.jpg"
"239","TL10","Sam Obisanya","TL","Ted Lasso",91.8,"https://openpsychometrics.org/tests/characters/stats/TL/10","https://openpsychometrics.org/tests/characters/test-resources/pics/TL/10.jpg"
"240","TL2","Rebecca Welton","TL","Ted Lasso",88.9,"https://openpsychometrics.org/tests/characters/stats/TL/2","https://openpsychometrics.org/tests/characters/test-resources/pics/TL/2.jpg"
"241","TL5","Roy Kent","TL","Ted Lasso",88.7,"https://openpsychometrics.org/tests/characters/stats/TL/5","https://openpsychometrics.org/tests/characters/test-resources/pics/TL/5.jpg"
"242","TL1","Ted Lasso","TL","Ted Lasso",85.5,"https://openpsychometrics.org/tests/characters/stats/TL/1","https://openpsychometrics.org/tests/characters/test-resources/pics/TL/1.jpg"
"243","TL8","Keeley Jones","TL","Ted Lasso",76,"https://openpsychometrics.org/tests/characters/stats/TL/8","https://openpsychometrics.org/tests/characters/test-resources/pics/TL/8.jpg"
"244","TL4","Jamie Tartt","TL","Ted Lasso",66.2,"https://openpsychometrics.org/tests/characters/stats/TL/4","https://openpsychometrics.org/tests/characters/test-resources/pics/TL/4.jpg"
"245","TL6","Coach Beard","TL","Ted Lasso",64.5,"https://openpsychometrics.org/tests/characters/stats/TL/6","https://openpsychometrics.org/tests/characters/test-resources/pics/TL/6.jpg"
"246","TL9","Dr. Sharon Fieldstone","TL","Ted Lasso",62.4,"https://openpsychometrics.org/tests/characters/stats/TL/9","https://openpsychometrics.org/tests/characters/test-resources/pics/TL/9.jpg"
"247","TL3","Leslie Higgins","TL","Ted Lasso",49.9,"https://openpsychometrics.org/tests/characters/stats/TL/3","https://openpsychometrics.org/tests/characters/test-resources/pics/TL/3.jpg"
"248","TL7","Nathan Shelley","TL","Ted Lasso",37.1,"https://openpsychometrics.org/tests/characters/stats/TL/7","https://openpsychometrics.org/tests/characters/test-resources/pics/TL/7.jpg"
"249","WD8","Daryl Dixon","WD","The Walking Dead",93.2,"https://openpsychometrics.org/tests/characters/stats/WD/8","https://openpsychometrics.org/tests/characters/test-resources/pics/WD/8.jpg"
"250","WD6","Glenn Rhee","WD","The Walking Dead",90.2,"https://openpsychometrics.org/tests/characters/stats/WD/6","https://openpsychometrics.org/tests/characters/test-resources/pics/WD/6.jpg"
"251","WD1","Rick Grimes","WD","The Walking Dead",88.9,"https://openpsychometrics.org/tests/characters/stats/WD/1","https://openpsychometrics.org/tests/characters/test-resources/pics/WD/1.jpg"
"252","WD9","Carol Peletier","WD","The Walking Dead",80.8,"https://openpsychometrics.org/tests/characters/stats/WD/9","https://openpsychometrics.org/tests/characters/test-resources/pics/WD/9.jpg"
"253","WD7","Carl Grimes","WD","The Walking Dead",67.1,"https://openpsychometrics.org/tests/characters/stats/WD/7","https://openpsychometrics.org/tests/characters/test-resources/pics/WD/7.jpg"
"254","WD5","Dale Horvath","WD","The Walking Dead",49,"https://openpsychometrics.org/tests/characters/stats/WD/5","https://openpsychometrics.org/tests/characters/test-resources/pics/WD/5.jpg"
"255","WD10","Merle Dixon","WD","The Walking Dead",45.5,"https://openpsychometrics.org/tests/characters/stats/WD/10","https://openpsychometrics.org/tests/characters/test-resources/pics/WD/10.jpg"
"256","WD2","Shane Walsh","WD","The Walking Dead",42.2,"https://openpsychometrics.org/tests/characters/stats/WD/2","https://openpsychometrics.org/tests/characters/test-resources/pics/WD/2.jpg"
"257","WD4","Andrea","WD","The Walking Dead",41.3,"https://openpsychometrics.org/tests/characters/stats/WD/4","https://openpsychometrics.org/tests/characters/test-resources/pics/WD/4.jpg"
"258","WD3","Lori Grimes","WD","The Walking Dead",30.2,"https://openpsychometrics.org/tests/characters/stats/WD/3","https://openpsychometrics.org/tests/characters/test-resources/pics/WD/3.jpg"
"259","B1","Temperance Brennan","B","Bones",91,"https://openpsychometrics.org/tests/characters/stats/B/1","https://openpsychometrics.org/tests/characters/test-resources/pics/B/1.jpg"
"260","B5","Camille Saroyan","B","Bones",85.6,"https://openpsychometrics.org/tests/characters/stats/B/5","https://openpsychometrics.org/tests/characters/test-resources/pics/B/5.jpg"
"261","B4","Jack Hodgins","B","Bones",81.6,"https://openpsychometrics.org/tests/characters/stats/B/4","https://openpsychometrics.org/tests/characters/test-resources/pics/B/4.jpg"
"262","B2","Seeley Booth","B","Bones",77.8,"https://openpsychometrics.org/tests/characters/stats/B/2","https://openpsychometrics.org/tests/characters/test-resources/pics/B/2.jpg"
"263","B3","Angela Montenegro","B","Bones",73.6,"https://openpsychometrics.org/tests/characters/stats/B/3","https://openpsychometrics.org/tests/characters/test-resources/pics/B/3.jpg"
"264","ARCH6","Lana Kane","ARCH","Archer",89.5,"https://openpsychometrics.org/tests/characters/stats/ARCH/6","https://openpsychometrics.org/tests/characters/test-resources/pics/ARCH/6.jpg"
"265","ARCH1","Sterling Archer","ARCH","Archer",86.9,"https://openpsychometrics.org/tests/characters/stats/ARCH/1","https://openpsychometrics.org/tests/characters/test-resources/pics/ARCH/1.jpg"
"266","ARCH2","Malory Archer","ARCH","Archer",79.4,"https://openpsychometrics.org/tests/characters/stats/ARCH/2","https://openpsychometrics.org/tests/characters/test-resources/pics/ARCH/2.jpg"
"267","ARCH5","Pamela Poovey","ARCH","Archer",49.5,"https://openpsychometrics.org/tests/characters/stats/ARCH/5","https://openpsychometrics.org/tests/characters/test-resources/pics/ARCH/5.jpg"
"268","ARCH4","Cheryl Tunt","ARCH","Archer",32.7,"https://openpsychometrics.org/tests/characters/stats/ARCH/4","https://openpsychometrics.org/tests/characters/test-resources/pics/ARCH/4.jpg"
"269","ARCH3","Cyril Figgis","ARCH","Archer",28.4,"https://openpsychometrics.org/tests/characters/stats/ARCH/3","https://openpsychometrics.org/tests/characters/test-resources/pics/ARCH/3.jpg"
"270","O1","Marty Byrde","O","Ozark",87,"https://openpsychometrics.org/tests/characters/stats/O/1","https://openpsychometrics.org/tests/characters/test-resources/pics/O/1.jpg"
"271","O5","Ruth Langmore","O","Ozark",84.5,"https://openpsychometrics.org/tests/characters/stats/O/5","https://openpsychometrics.org/tests/characters/test-resources/pics/O/5.jpg"
"272","O2","Wendy Byrde","O","Ozark",78.3,"https://openpsychometrics.org/tests/characters/stats/O/2","https://openpsychometrics.org/tests/characters/test-resources/pics/O/2.jpg"
"273","O9","Darlene Snell","O","Ozark",66.9,"https://openpsychometrics.org/tests/characters/stats/O/9","https://openpsychometrics.org/tests/characters/test-resources/pics/O/9.jpg"
"274","O8","Jacob Snell","O","Ozark",65.2,"https://openpsychometrics.org/tests/characters/stats/O/8","https://openpsychometrics.org/tests/characters/test-resources/pics/O/8.jpg"
"275","O4","Jonah Byrde","O","Ozark",60.9,"https://openpsychometrics.org/tests/characters/stats/O/4","https://openpsychometrics.org/tests/characters/test-resources/pics/O/4.jpg"
"276","O10","Wyatt Langmore","O","Ozark",53.9,"https://openpsychometrics.org/tests/characters/stats/O/10","https://openpsychometrics.org/tests/characters/test-resources/pics/O/10.jpg"
"277","O3","Charlotte Byrde","O","Ozark",43.8,"https://openpsychometrics.org/tests/characters/stats/O/3","https://openpsychometrics.org/tests/characters/test-resources/pics/O/3.jpg"
"278","O7","Roy Petty","O","Ozark",41.1,"https://openpsychometrics.org/tests/characters/stats/O/7","https://openpsychometrics.org/tests/characters/test-resources/pics/O/7.jpg"
"279","O6","Rachel Garrison","O","Ozark",35.7,"https://openpsychometrics.org/tests/characters/stats/O/6","https://openpsychometrics.org/tests/characters/test-resources/pics/O/6.jpg"
"280","SHL8","Fiona Gallagher","SHL","Shameless",86.5,"https://openpsychometrics.org/tests/characters/stats/SHL/8","https://openpsychometrics.org/tests/characters/test-resources/pics/SHL/8.jpg"
"281","SHL3","Lip Gallagher","SHL","Shameless",80.9,"https://openpsychometrics.org/tests/characters/stats/SHL/3","https://openpsychometrics.org/tests/characters/test-resources/pics/SHL/3.jpg"
"282","SHL4","Veronica Fisher","SHL","Shameless",78.5,"https://openpsychometrics.org/tests/characters/stats/SHL/4","https://openpsychometrics.org/tests/characters/test-resources/pics/SHL/4.jpg"
"283","SHL2","Carl Gallagher","SHL","Shameless",78.3,"https://openpsychometrics.org/tests/characters/stats/SHL/2","https://openpsychometrics.org/tests/characters/test-resources/pics/SHL/2.jpg"
"284","SHL7","Ian Gallagher","SHL","Shameless",77,"https://openpsychometrics.org/tests/characters/stats/SHL/7","https://openpsychometrics.org/tests/characters/test-resources/pics/SHL/7.jpg"
"285","SHL5","Kevin Ball","SHL","Shameless",74.3,"https://openpsychometrics.org/tests/characters/stats/SHL/5","https://openpsychometrics.org/tests/characters/test-resources/pics/SHL/5.jpg"
"286","SHL1","Frank Gallagher","SHL","Shameless",52.5,"https://openpsychometrics.org/tests/characters/stats/SHL/1","https://openpsychometrics.org/tests/characters/test-resources/pics/SHL/1.jpg"
"287","SHL6","Debbie Gallagher","SHL","Shameless",48.2,"https://openpsychometrics.org/tests/characters/stats/SHL/6","https://openpsychometrics.org/tests/characters/test-resources/pics/SHL/6.jpg"
"288","SHL9","Tommy","SHL","Shameless",25.1,"https://openpsychometrics.org/tests/characters/stats/SHL/9","https://openpsychometrics.org/tests/characters/test-resources/pics/SHL/9.jpg"
"289","SHL10","Kermit","SHL","Shameless",24.7,"https://openpsychometrics.org/tests/characters/stats/SHL/10","https://openpsychometrics.org/tests/characters/test-resources/pics/SHL/10.jpg"
"290","TW12","Omar Little","TW","The Wire",95.4,"https://openpsychometrics.org/tests/characters/stats/TW/12","https://openpsychometrics.org/tests/characters/test-resources/pics/TW/12.jpg"
"291","TW15","Russell 'Stringer' Bell","TW","The Wire",88.5,"https://openpsychometrics.org/tests/characters/stats/TW/15","https://openpsychometrics.org/tests/characters/test-resources/pics/TW/15.jpg"
"292","TW4","Lester Freamon","TW","The Wire",86.8,"https://openpsychometrics.org/tests/characters/stats/TW/4","https://openpsychometrics.org/tests/characters/test-resources/pics/TW/4.jpg"
"293","TW1","Cedric Daniels","TW","The Wire",82.5,"https://openpsychometrics.org/tests/characters/stats/TW/1","https://openpsychometrics.org/tests/characters/test-resources/pics/TW/1.jpg"
"294","TW17","Avon Barksdale","TW","The Wire",80.9,"https://openpsychometrics.org/tests/characters/stats/TW/17","https://openpsychometrics.org/tests/characters/test-resources/pics/TW/17.jpg"
"295","TW3","Kima Greggs","TW","The Wire",77.7,"https://openpsychometrics.org/tests/characters/stats/TW/3","https://openpsychometrics.org/tests/characters/test-resources/pics/TW/3.jpg"
"296","TW5","Bunk Moreland","TW","The Wire",77.7,"https://openpsychometrics.org/tests/characters/stats/TW/5","https://openpsychometrics.org/tests/characters/test-resources/pics/TW/5.jpg"
"297","TW2","Jimmy McNulty","TW","The Wire",77.2,"https://openpsychometrics.org/tests/characters/stats/TW/2","https://openpsychometrics.org/tests/characters/test-resources/pics/TW/2.jpg"
"298","TW20","Michael Lee","TW","The Wire",74.5,"https://openpsychometrics.org/tests/characters/stats/TW/20","https://openpsychometrics.org/tests/characters/test-resources/pics/TW/20.jpg"
"299","TW8","Reginald 'Bubbles' Cousins","TW","The Wire",74.2,"https://openpsychometrics.org/tests/characters/stats/TW/8","https://openpsychometrics.org/tests/characters/test-resources/pics/TW/8.jpg"
"300","TW11","Rhonda Pearlman","TW","The Wire",72.1,"https://openpsychometrics.org/tests/characters/stats/TW/11","https://openpsychometrics.org/tests/characters/test-resources/pics/TW/11.jpg"
"301","TW23","Dennis 'Cutty' Wise","TW","The Wire",71.1,"https://openpsychometrics.org/tests/characters/stats/TW/23","https://openpsychometrics.org/tests/characters/test-resources/pics/TW/23.jpg"
"302","TW13","Ervin Burrell","TW","The Wire",69.8,"https://openpsychometrics.org/tests/characters/stats/TW/13","https://openpsychometrics.org/tests/characters/test-resources/pics/TW/13.jpg"
"303","TW18","Chris Partlow","TW","The Wire",68.3,"https://openpsychometrics.org/tests/characters/stats/TW/18","https://openpsychometrics.org/tests/characters/test-resources/pics/TW/18.jpg"
"304","TW16","Tommy Carcetti","TW","The Wire",65.9,"https://openpsychometrics.org/tests/characters/stats/TW/16","https://openpsychometrics.org/tests/characters/test-resources/pics/TW/16.jpg"
"305","TW24","D'Angelo Barksdale","TW","The Wire",65.6,"https://openpsychometrics.org/tests/characters/stats/TW/24","https://openpsychometrics.org/tests/characters/test-resources/pics/TW/24.jpg"
"306","TW14","Preston 'Bodie' Broadus","TW","The Wire",65.4,"https://openpsychometrics.org/tests/characters/stats/TW/14","https://openpsychometrics.org/tests/characters/test-resources/pics/TW/14.jpg"
"307","TW27","Spiros 'Vondas' Vondopoulos","TW","The Wire",65,"https://openpsychometrics.org/tests/characters/stats/TW/27","https://openpsychometrics.org/tests/characters/test-resources/pics/TW/27.jpg"
"308","TW19","Norman Wilson","TW","The Wire",60.7,"https://openpsychometrics.org/tests/characters/stats/TW/19","https://openpsychometrics.org/tests/characters/test-resources/pics/TW/19.jpg"
"309","TW26","Clarence Royce","TW","The Wire",58.3,"https://openpsychometrics.org/tests/characters/stats/TW/26","https://openpsychometrics.org/tests/characters/test-resources/pics/TW/26.jpg"
"310","TW22","Beatrice 'Beadie' Russell","TW","The Wire",57.3,"https://openpsychometrics.org/tests/characters/stats/TW/22","https://openpsychometrics.org/tests/characters/test-resources/pics/TW/22.jpg"
"311","TW25","Clay Davis","TW","The Wire",54,"https://openpsychometrics.org/tests/characters/stats/TW/25","https://openpsychometrics.org/tests/characters/test-resources/pics/TW/25.jpg"
"312","TW10","Roland 'Prez' Pryzbylewski","TW","The Wire",52.6,"https://openpsychometrics.org/tests/characters/stats/TW/10","https://openpsychometrics.org/tests/characters/test-resources/pics/TW/10.jpg"
"313","TW7","Ellis Carver","TW","The Wire",51.4,"https://openpsychometrics.org/tests/characters/stats/TW/7","https://openpsychometrics.org/tests/characters/test-resources/pics/TW/7.jpg"
"314","TW28","Frank Sobotka","TW","The Wire",48.9,"https://openpsychometrics.org/tests/characters/stats/TW/28","https://openpsychometrics.org/tests/characters/test-resources/pics/TW/28.jpg"
"315","TW9","William Rawls","TW","The Wire",48.5,"https://openpsychometrics.org/tests/characters/stats/TW/9","https://openpsychometrics.org/tests/characters/test-resources/pics/TW/9.jpg"
"316","TW21","Maurice Levy","TW","The Wire",48.3,"https://openpsychometrics.org/tests/characters/stats/TW/21","https://openpsychometrics.org/tests/characters/test-resources/pics/TW/21.jpg"
"317","TW6","Thomas 'Herc' Hauk","TW","The Wire",45.5,"https://openpsychometrics.org/tests/characters/stats/TW/6","https://openpsychometrics.org/tests/characters/test-resources/pics/TW/6.jpg"
"318","TW30","Nick Sobotka","TW","The Wire",38.7,"https://openpsychometrics.org/tests/characters/stats/TW/30","https://openpsychometrics.org/tests/characters/test-resources/pics/TW/30.jpg"
"319","TW29","Ziggy Sobotka","TW","The Wire",37.1,"https://openpsychometrics.org/tests/characters/stats/TW/29","https://openpsychometrics.org/tests/characters/test-resources/pics/TW/29.jpg"
"320","WW1","Josiah Bartlet","WW","The West Wing",93.8,"https://openpsychometrics.org/tests/characters/stats/WW/1","https://openpsychometrics.org/tests/characters/test-resources/pics/WW/1.jpg"
"321","WW2","Leo McGarry","WW","The West Wing",92.4,"https://openpsychometrics.org/tests/characters/stats/WW/2","https://openpsychometrics.org/tests/characters/test-resources/pics/WW/2.jpg"
"322","WW6","C. J. Cregg","WW","The West Wing",86.7,"https://openpsychometrics.org/tests/characters/stats/WW/6","https://openpsychometrics.org/tests/characters/test-resources/pics/WW/6.jpg"
"323","WW3","Josh Lyman","WW","The West Wing",85.7,"https://openpsychometrics.org/tests/characters/stats/WW/3","https://openpsychometrics.org/tests/characters/test-resources/pics/WW/3.jpg"
"324","WW7","Charlie Young","WW","The West Wing",84.1,"https://openpsychometrics.org/tests/characters/stats/WW/7","https://openpsychometrics.org/tests/characters/test-resources/pics/WW/7.jpg"
"325","WW5","Sam Seaborn","WW","The West Wing",82,"https://openpsychometrics.org/tests/characters/stats/WW/5","https://openpsychometrics.org/tests/characters/test-resources/pics/WW/5.jpg"
"326","WW4","Toby Ziegler","WW","The West Wing",77.9,"https://openpsychometrics.org/tests/characters/stats/WW/4","https://openpsychometrics.org/tests/characters/test-resources/pics/WW/4.jpg"
"327","WW8","Donna Moss","WW","The West Wing",72,"https://openpsychometrics.org/tests/characters/stats/WW/8","https://openpsychometrics.org/tests/characters/test-resources/pics/WW/8.jpg"
"328","WW9","Abbey Bartlet","WW","The West Wing",70.5,"https://openpsychometrics.org/tests/characters/stats/WW/9","https://openpsychometrics.org/tests/characters/test-resources/pics/WW/9.jpg"
"329","WW10","Joey Lucas","WW","The West Wing",70.5,"https://openpsychometrics.org/tests/characters/stats/WW/10","https://openpsychometrics.org/tests/characters/test-resources/pics/WW/10.jpg"
"330","SOP3","Carmela Soprano","SOP","The Sopranos",88.6,"https://openpsychometrics.org/tests/characters/stats/SOP/3","https://openpsychometrics.org/tests/characters/test-resources/pics/SOP/3.jpg"
"331","SOP1","Tony Soprano","SOP","The Sopranos",84.7,"https://openpsychometrics.org/tests/characters/stats/SOP/1","https://openpsychometrics.org/tests/characters/test-resources/pics/SOP/1.jpg"
"332","SOP2","Dr. Jennifer Melfi","SOP","The Sopranos",78.4,"https://openpsychometrics.org/tests/characters/stats/SOP/2","https://openpsychometrics.org/tests/characters/test-resources/pics/SOP/2.jpg"
"333","SOP5","Junior Soprano","SOP","The Sopranos",67.9,"https://openpsychometrics.org/tests/characters/stats/SOP/5","https://openpsychometrics.org/tests/characters/test-resources/pics/SOP/5.jpg"
"334","SOP6","Silvio Dante","SOP","The Sopranos",65.5,"https://openpsychometrics.org/tests/characters/stats/SOP/6","https://openpsychometrics.org/tests/characters/test-resources/pics/SOP/6.jpg"
"335","SOP7","Paulie 'Walnuts' Gualtieri","SOP","The Sopranos",62.1,"https://openpsychometrics.org/tests/characters/stats/SOP/7","https://openpsychometrics.org/tests/characters/test-resources/pics/SOP/7.jpg"
"336","SOP4","Christopher Moltisanti","SOP","The Sopranos",54.6,"https://openpsychometrics.org/tests/characters/stats/SOP/4","https://openpsychometrics.org/tests/characters/test-resources/pics/SOP/4.jpg"
"337","SOP9","Meadow Soprano","SOP","The Sopranos",54.2,"https://openpsychometrics.org/tests/characters/stats/SOP/9","https://openpsychometrics.org/tests/characters/test-resources/pics/SOP/9.jpg"
"338","SOP8","A.J. Soprano","SOP","The Sopranos",41.2,"https://openpsychometrics.org/tests/characters/stats/SOP/8","https://openpsychometrics.org/tests/characters/test-resources/pics/SOP/8.jpg"
"339","SOP10","Janice Soprano","SOP","The Sopranos",35.1,"https://openpsychometrics.org/tests/characters/stats/SOP/10","https://openpsychometrics.org/tests/characters/test-resources/pics/SOP/10.jpg"
"340","FS2","River Tam","FS","Firefly + Serenity",90.6,"https://openpsychometrics.org/tests/characters/stats/FS/2","https://openpsychometrics.org/tests/characters/test-resources/pics/FS/2.jpg"
"341","FS5","Zoe Washburne","FS","Firefly + Serenity",86.5,"https://openpsychometrics.org/tests/characters/stats/FS/5","https://openpsychometrics.org/tests/characters/test-resources/pics/FS/5.jpg"
"342","FS1","Malcolm Reynolds","FS","Firefly + Serenity",82.8,"https://openpsychometrics.org/tests/characters/stats/FS/1","https://openpsychometrics.org/tests/characters/test-resources/pics/FS/1.jpg"
"343","FS3","Inara Serra","FS","Firefly + Serenity",81.6,"https://openpsychometrics.org/tests/characters/stats/FS/3","https://openpsychometrics.org/tests/characters/test-resources/pics/FS/3.jpg"
"344","FS4","Kaylee Frye","FS","Firefly + Serenity",80.5,"https://openpsychometrics.org/tests/characters/stats/FS/4","https://openpsychometrics.org/tests/characters/test-resources/pics/FS/4.jpg"
"345","FS6","Hoban Washburne","FS","Firefly + Serenity",75.8,"https://openpsychometrics.org/tests/characters/stats/FS/6","https://openpsychometrics.org/tests/characters/test-resources/pics/FS/6.jpg"
"346","FS8","Derrial Book","FS","Firefly + Serenity",73.7,"https://openpsychometrics.org/tests/characters/stats/FS/8","https://openpsychometrics.org/tests/characters/test-resources/pics/FS/8.jpg"
"347","FS10","The Operative","FS","Firefly + Serenity",69.6,"https://openpsychometrics.org/tests/characters/stats/FS/10","https://openpsychometrics.org/tests/characters/test-resources/pics/FS/10.jpg"
"348","FS9","Simon Tam","FS","Firefly + Serenity",63.6,"https://openpsychometrics.org/tests/characters/stats/FS/9","https://openpsychometrics.org/tests/characters/test-resources/pics/FS/9.jpg"
"349","FS7","Jayne Cobb","FS","Firefly + Serenity",52.2,"https://openpsychometrics.org/tests/characters/stats/FS/7","https://openpsychometrics.org/tests/characters/test-resources/pics/FS/7.jpg"
"350","S82","Nomi Marks","S8","Sense8",92.8,"https://openpsychometrics.org/tests/characters/stats/S8/2","https://openpsychometrics.org/tests/characters/test-resources/pics/S8/2.jpg"
"351","S81","Sun Bak","S8","Sense8",84.8,"https://openpsychometrics.org/tests/characters/stats/S8/1","https://openpsychometrics.org/tests/characters/test-resources/pics/S8/1.jpg"
"352","S85","Wolfgang Bogdanow","S8","Sense8",83.2,"https://openpsychometrics.org/tests/characters/stats/S8/5","https://openpsychometrics.org/tests/characters/test-resources/pics/S8/5.jpg"
"353","S84","Riley Blue","S8","Sense8",79.4,"https://openpsychometrics.org/tests/characters/stats/S8/4","https://openpsychometrics.org/tests/characters/test-resources/pics/S8/4.jpg"
"354","S89","Amanita Caplan","S8","Sense8",77.9,"https://openpsychometrics.org/tests/characters/stats/S8/9","https://openpsychometrics.org/tests/characters/test-resources/pics/S8/9.jpg"
"355","S83","Kala Dandekar","S8","Sense8",75.1,"https://openpsychometrics.org/tests/characters/stats/S8/3","https://openpsychometrics.org/tests/characters/test-resources/pics/S8/3.jpg"
"356","S86","Lito Rodriguez","S8","Sense8",72.9,"https://openpsychometrics.org/tests/characters/stats/S8/6","https://openpsychometrics.org/tests/characters/test-resources/pics/S8/6.jpg"
"357","S87","Will Gorski","S8","Sense8",71.4,"https://openpsychometrics.org/tests/characters/stats/S8/7","https://openpsychometrics.org/tests/characters/test-resources/pics/S8/7.jpg"
"358","S810","Hernando Fuentes","S8","Sense8",71.2,"https://openpsychometrics.org/tests/characters/stats/S8/10","https://openpsychometrics.org/tests/characters/test-resources/pics/S8/10.jpg"
"359","S88","Angelica Turing","S8","Sense8",56.8,"https://openpsychometrics.org/tests/characters/stats/S8/8","https://openpsychometrics.org/tests/characters/test-resources/pics/S8/8.jpg"
"360","DA15","Violet Crawley, Dowager Countess of Grantham","DA","Downton Abbey",87.3,"https://openpsychometrics.org/tests/characters/stats/DA/15","https://openpsychometrics.org/tests/characters/test-resources/pics/DA/15.jpg"
"361","DA6","Lady Mary Crawley","DA","Downton Abbey",86.2,"https://openpsychometrics.org/tests/characters/stats/DA/6","https://openpsychometrics.org/tests/characters/test-resources/pics/DA/6.jpg"
"362","DA2","Lady Sybil Crawley","DA","Downton Abbey",82.1,"https://openpsychometrics.org/tests/characters/stats/DA/2","https://openpsychometrics.org/tests/characters/test-resources/pics/DA/2.jpg"
"363","DA4","Charlie Carson","DA","Downton Abbey",79.7,"https://openpsychometrics.org/tests/characters/stats/DA/4","https://openpsychometrics.org/tests/characters/test-resources/pics/DA/4.jpg"
"364","DA9","Elsie Carson","DA","Downton Abbey",76.9,"https://openpsychometrics.org/tests/characters/stats/DA/9","https://openpsychometrics.org/tests/characters/test-resources/pics/DA/9.jpg"
"365","DA5","John Bates","DA","Downton Abbey",74.3,"https://openpsychometrics.org/tests/characters/stats/DA/5","https://openpsychometrics.org/tests/characters/test-resources/pics/DA/5.jpg"
"366","DA1","Robert Crawley, 7th Earl of Grantham","DA","Downton Abbey",73.2,"https://openpsychometrics.org/tests/characters/stats/DA/1","https://openpsychometrics.org/tests/characters/test-resources/pics/DA/1.jpg"
"367","DA8","Anna Bates","DA","Downton Abbey",71.4,"https://openpsychometrics.org/tests/characters/stats/DA/8","https://openpsychometrics.org/tests/characters/test-resources/pics/DA/8.jpg"
"368","DA12","Cora Crawley, Countess of Grantham","DA","Downton Abbey",71.1,"https://openpsychometrics.org/tests/characters/stats/DA/12","https://openpsychometrics.org/tests/characters/test-resources/pics/DA/12.jpg"
"369","DA13","Daisy Mason","DA","Downton Abbey",64.3,"https://openpsychometrics.org/tests/characters/stats/DA/13","https://openpsychometrics.org/tests/characters/test-resources/pics/DA/13.jpg"
"370","DA11","Thomas Barrow","DA","Downton Abbey",62.7,"https://openpsychometrics.org/tests/characters/stats/DA/11","https://openpsychometrics.org/tests/characters/test-resources/pics/DA/11.jpg"
"371","DA14","Beryl Patmore","DA","Downton Abbey",61.5,"https://openpsychometrics.org/tests/characters/stats/DA/14","https://openpsychometrics.org/tests/characters/test-resources/pics/DA/14.jpg"
"372","DA3","Lady Edith Crawley","DA","Downton Abbey",49.2,"https://openpsychometrics.org/tests/characters/stats/DA/3","https://openpsychometrics.org/tests/characters/test-resources/pics/DA/3.jpg"
"373","DA7","Sarah O'Brien","DA","Downton Abbey",40.4,"https://openpsychometrics.org/tests/characters/stats/DA/7","https://openpsychometrics.org/tests/characters/test-resources/pics/DA/7.jpg"
"374","DA10","William Mason","DA","Downton Abbey",27.9,"https://openpsychometrics.org/tests/characters/stats/DA/10","https://openpsychometrics.org/tests/characters/test-resources/pics/DA/10.jpg"
"375","GP4","Janet","GP","The Good Place",86.4,"https://openpsychometrics.org/tests/characters/stats/GP/4","https://openpsychometrics.org/tests/characters/test-resources/pics/GP/4.jpg"
"376","GP1","Eleanor Shellstrop","GP","The Good Place",84,"https://openpsychometrics.org/tests/characters/stats/GP/1","https://openpsychometrics.org/tests/characters/test-resources/pics/GP/1.jpg"
"377","GP2","Chidi Anagonye","GP","The Good Place",83,"https://openpsychometrics.org/tests/characters/stats/GP/2","https://openpsychometrics.org/tests/characters/test-resources/pics/GP/2.jpg"
"378","GP6","Michael","GP","The Good Place",82.9,"https://openpsychometrics.org/tests/characters/stats/GP/6","https://openpsychometrics.org/tests/characters/test-resources/pics/GP/6.jpg"
"379","GP3","Tahani Al-Jamil","GP","The Good Place",74.6,"https://openpsychometrics.org/tests/characters/stats/GP/3","https://openpsychometrics.org/tests/characters/test-resources/pics/GP/3.jpg"
"380","GP5","Jason Mendoza","GP","The Good Place",58.6,"https://openpsychometrics.org/tests/characters/stats/GP/5","https://openpsychometrics.org/tests/characters/test-resources/pics/GP/5.jpg"
"381","MCU1","Tony Stark","MCU","Marvel Cinematic Universe",92.3,"https://openpsychometrics.org/tests/characters/stats/MCU/1","https://openpsychometrics.org/tests/characters/test-resources/pics/MCU/1.jpg"
"382","MCU6","Thor","MCU","Marvel Cinematic Universe",86.9,"https://openpsychometrics.org/tests/characters/stats/MCU/6","https://openpsychometrics.org/tests/characters/test-resources/pics/MCU/6.jpg"
"383","MCU2","Captain America","MCU","Marvel Cinematic Universe",82.2,"https://openpsychometrics.org/tests/characters/stats/MCU/2","https://openpsychometrics.org/tests/characters/test-resources/pics/MCU/2.jpg"
"384","MCU9","Black Panther","MCU","Marvel Cinematic Universe",82,"https://openpsychometrics.org/tests/characters/stats/MCU/9","https://openpsychometrics.org/tests/characters/test-resources/pics/MCU/9.jpg"
"385","MCU8","Dr. Strange","MCU","Marvel Cinematic Universe",81.4,"https://openpsychometrics.org/tests/characters/stats/MCU/8","https://openpsychometrics.org/tests/characters/test-resources/pics/MCU/8.jpg"
"386","MCU7","Nick Fury","MCU","Marvel Cinematic Universe",81.2,"https://openpsychometrics.org/tests/characters/stats/MCU/7","https://openpsychometrics.org/tests/characters/test-resources/pics/MCU/7.jpg"
"387","MCU3","Black Widow","MCU","Marvel Cinematic Universe",77.5,"https://openpsychometrics.org/tests/characters/stats/MCU/3","https://openpsychometrics.org/tests/characters/test-resources/pics/MCU/3.jpg"
"388","MCU13","Loki","MCU","Marvel Cinematic Universe",77,"https://openpsychometrics.org/tests/characters/stats/MCU/13","https://openpsychometrics.org/tests/characters/test-resources/pics/MCU/13.jpg"
"389","MCU4","Bruce Banner","MCU","Marvel Cinematic Universe",73.9,"https://openpsychometrics.org/tests/characters/stats/MCU/4","https://openpsychometrics.org/tests/characters/test-resources/pics/MCU/4.jpg"
"390","MCU10","Gamora","MCU","Marvel Cinematic Universe",73.1,"https://openpsychometrics.org/tests/characters/stats/MCU/10","https://openpsychometrics.org/tests/characters/test-resources/pics/MCU/10.jpg"
"391","MCU11","Thanos","MCU","Marvel Cinematic Universe",71.2,"https://openpsychometrics.org/tests/characters/stats/MCU/11","https://openpsychometrics.org/tests/characters/test-resources/pics/MCU/11.jpg"
"392","MCU5","Captain Marvel","MCU","Marvel Cinematic Universe",63.7,"https://openpsychometrics.org/tests/characters/stats/MCU/5","https://openpsychometrics.org/tests/characters/test-resources/pics/MCU/5.jpg"
"393","MCU15","Peter Jason Quill","MCU","Marvel Cinematic Universe",63.2,"https://openpsychometrics.org/tests/characters/stats/MCU/15","https://openpsychometrics.org/tests/characters/test-resources/pics/MCU/15.jpg"
"394","MCU12","Peggy Carter","MCU","Marvel Cinematic Universe",60.7,"https://openpsychometrics.org/tests/characters/stats/MCU/12","https://openpsychometrics.org/tests/characters/test-resources/pics/MCU/12.jpg"
"395","MCU14","Hawkeye","MCU","Marvel Cinematic Universe",49.5,"https://openpsychometrics.org/tests/characters/stats/MCU/14","https://openpsychometrics.org/tests/characters/test-resources/pics/MCU/14.jpg"
"396","ASP5","Frank Reynolds","ASP","It's Always Sunny in Philadelphia",65.7,"https://openpsychometrics.org/tests/characters/stats/ASP/5","https://openpsychometrics.org/tests/characters/test-resources/pics/ASP/5.jpg"
"397","ASP2","Dennis Reynolds","ASP","It's Always Sunny in Philadelphia",61.9,"https://openpsychometrics.org/tests/characters/stats/ASP/2","https://openpsychometrics.org/tests/characters/test-resources/pics/ASP/2.jpg"
"398","ASP1","Charlie Kelly","ASP","It's Always Sunny in Philadelphia",55.6,"https://openpsychometrics.org/tests/characters/stats/ASP/1","https://openpsychometrics.org/tests/characters/test-resources/pics/ASP/1.jpg"
"399","ASP3","Mac","ASP","It's Always Sunny in Philadelphia",55.4,"https://openpsychometrics.org/tests/characters/stats/ASP/3","https://openpsychometrics.org/tests/characters/test-resources/pics/ASP/3.jpg"
"400","ASP4","Dee Reynolds","ASP","It's Always Sunny in Philadelphia",39.6,"https://openpsychometrics.org/tests/characters/stats/ASP/4","https://openpsychometrics.org/tests/characters/test-resources/pics/ASP/4.jpg"
"401","NG1","Jess Day","NG","New Girl",82.8,"https://openpsychometrics.org/tests/characters/stats/NG/1","https://openpsychometrics.org/tests/characters/test-resources/pics/NG/1.jpg"
"402","NG3","Schmidt","NG","New Girl",78.6,"https://openpsychometrics.org/tests/characters/stats/NG/3","https://openpsychometrics.org/tests/characters/test-resources/pics/NG/3.jpg"
"403","NG4","Cece Parekh","NG","New Girl",76.8,"https://openpsychometrics.org/tests/characters/stats/NG/4","https://openpsychometrics.org/tests/characters/test-resources/pics/NG/4.jpg"
"404","NG5","Winston Bishop","NG","New Girl",67.2,"https://openpsychometrics.org/tests/characters/stats/NG/5","https://openpsychometrics.org/tests/characters/test-resources/pics/NG/5.jpg"
"405","NG2","Nick Miller","NG","New Girl",65.8,"https://openpsychometrics.org/tests/characters/stats/NG/2","https://openpsychometrics.org/tests/characters/test-resources/pics/NG/2.jpg"
"406","CM1","Dr. Spencer Reid","CM","Criminal Minds",92.4,"https://openpsychometrics.org/tests/characters/stats/CM/1","https://openpsychometrics.org/tests/characters/test-resources/pics/CM/1.jpg"
"407","CM2","Penelope Garcia","CM","Criminal Minds",90.5,"https://openpsychometrics.org/tests/characters/stats/CM/2","https://openpsychometrics.org/tests/characters/test-resources/pics/CM/2.jpg"
"408","CM6","Derek Morgan","CM","Criminal Minds",86.8,"https://openpsychometrics.org/tests/characters/stats/CM/6","https://openpsychometrics.org/tests/characters/test-resources/pics/CM/6.jpg"
"409","CM5","Aaron Hotchner","CM","Criminal Minds",84.9,"https://openpsychometrics.org/tests/characters/stats/CM/5","https://openpsychometrics.org/tests/characters/test-resources/pics/CM/5.jpg"
"410","CM3","Jennifer Jareau","CM","Criminal Minds",80,"https://openpsychometrics.org/tests/characters/stats/CM/3","https://openpsychometrics.org/tests/characters/test-resources/pics/CM/3.jpg"
"411","CM4","David Rossi","CM","Criminal Minds",75.7,"https://openpsychometrics.org/tests/characters/stats/CM/4","https://openpsychometrics.org/tests/characters/test-resources/pics/CM/4.jpg"
"412","SF3","Elaine Benes","SF","Seinfeld",74,"https://openpsychometrics.org/tests/characters/stats/SF/3","https://openpsychometrics.org/tests/characters/test-resources/pics/SF/3.jpg"
"413","SF1","Jerry Seinfeld","SF","Seinfeld",69.6,"https://openpsychometrics.org/tests/characters/stats/SF/1","https://openpsychometrics.org/tests/characters/test-resources/pics/SF/1.jpg"
"414","SF4","Cosmo Kramer","SF","Seinfeld",64.7,"https://openpsychometrics.org/tests/characters/stats/SF/4","https://openpsychometrics.org/tests/characters/test-resources/pics/SF/4.jpg"
"415","SF2","George Costanza","SF","Seinfeld",48.2,"https://openpsychometrics.org/tests/characters/stats/SF/2","https://openpsychometrics.org/tests/characters/test-resources/pics/SF/2.jpg"
"416","SF6","Helen Seinfeld","SF","Seinfeld",38.3,"https://openpsychometrics.org/tests/characters/stats/SF/6","https://openpsychometrics.org/tests/characters/test-resources/pics/SF/6.jpg"
"417","SF5","Morty Seinfeld","SF","Seinfeld",26.9,"https://openpsychometrics.org/tests/characters/stats/SF/5","https://openpsychometrics.org/tests/characters/test-resources/pics/SF/5.jpg"
"418","GTH7","Alfred Pennyworth","GTH","Gotham",87.5,"https://openpsychometrics.org/tests/characters/stats/GTH/7","https://openpsychometrics.org/tests/characters/test-resources/pics/GTH/7.jpg"
"419","GTH3","Bruce Wayne","GTH","Gotham",84.7,"https://openpsychometrics.org/tests/characters/stats/GTH/3","https://openpsychometrics.org/tests/characters/test-resources/pics/GTH/3.jpg"
"420","GTH1","James Gordon","GTH","Gotham",82.8,"https://openpsychometrics.org/tests/characters/stats/GTH/1","https://openpsychometrics.org/tests/characters/test-resources/pics/GTH/1.jpg"
"421","GTH5","Selina Kyle","GTH","Gotham",80.6,"https://openpsychometrics.org/tests/characters/stats/GTH/5","https://openpsychometrics.org/tests/characters/test-resources/pics/GTH/5.jpg"
"422","GTH4","Oswald Cobblepot","GTH","Gotham",73.6,"https://openpsychometrics.org/tests/characters/stats/GTH/4","https://openpsychometrics.org/tests/characters/test-resources/pics/GTH/4.jpg"
"423","GTH6","Edward Nygma","GTH","Gotham",68.6,"https://openpsychometrics.org/tests/characters/stats/GTH/6","https://openpsychometrics.org/tests/characters/test-resources/pics/GTH/6.jpg"
"424","GTH2","Harvey Bullock","GTH","Gotham",64,"https://openpsychometrics.org/tests/characters/stats/GTH/2","https://openpsychometrics.org/tests/characters/test-resources/pics/GTH/2.jpg"
"425","GTH8","Barbara Kean","GTH","Gotham",62.3,"https://openpsychometrics.org/tests/characters/stats/GTH/8","https://openpsychometrics.org/tests/characters/test-resources/pics/GTH/8.jpg"
"426","GTH9","Leslie Thompkins","GTH","Gotham",58.8,"https://openpsychometrics.org/tests/characters/stats/GTH/9","https://openpsychometrics.org/tests/characters/test-resources/pics/GTH/9.jpg"
"427","GTH10","Lucius Fox","GTH","Gotham",58.4,"https://openpsychometrics.org/tests/characters/stats/GTH/10","https://openpsychometrics.org/tests/characters/test-resources/pics/GTH/10.jpg"
"428","AD1","Michael Bluth","AD","Arrested Development",76.9,"https://openpsychometrics.org/tests/characters/stats/AD/1","https://openpsychometrics.org/tests/characters/test-resources/pics/AD/1.jpg"
"429","AD10","Lucille Bluth","AD","Arrested Development",72,"https://openpsychometrics.org/tests/characters/stats/AD/10","https://openpsychometrics.org/tests/characters/test-resources/pics/AD/10.jpg"
"430","AD8","George Bluth, Sr.","AD","Arrested Development",64.4,"https://openpsychometrics.org/tests/characters/stats/AD/8","https://openpsychometrics.org/tests/characters/test-resources/pics/AD/8.jpg"
"431","AD5","Maeby Funke","AD","Arrested Development",61.5,"https://openpsychometrics.org/tests/characters/stats/AD/5","https://openpsychometrics.org/tests/characters/test-resources/pics/AD/5.jpg"
"432","AD4","George Michael Bluth","AD","Arrested Development",56.7,"https://openpsychometrics.org/tests/characters/stats/AD/4","https://openpsychometrics.org/tests/characters/test-resources/pics/AD/4.jpg"
"433","AD2","Lindsay Bluth Funke","AD","Arrested Development",49,"https://openpsychometrics.org/tests/characters/stats/AD/2","https://openpsychometrics.org/tests/characters/test-resources/pics/AD/2.jpg"
"434","AD6","Buster Bluth","AD","Arrested Development",43.2,"https://openpsychometrics.org/tests/characters/stats/AD/6","https://openpsychometrics.org/tests/characters/test-resources/pics/AD/6.jpg"
"435","AD3","George Oscar 'Gob' Bluth","AD","Arrested Development",38.3,"https://openpsychometrics.org/tests/characters/stats/AD/3","https://openpsychometrics.org/tests/characters/test-resources/pics/AD/3.jpg"
"436","AD7","Tobias Funke","AD","Arrested Development",36.7,"https://openpsychometrics.org/tests/characters/stats/AD/7","https://openpsychometrics.org/tests/characters/test-resources/pics/AD/7.jpg"
"437","AD9","Oscar Bluth","AD","Arrested Development",34.3,"https://openpsychometrics.org/tests/characters/stats/AD/9","https://openpsychometrics.org/tests/characters/test-resources/pics/AD/9.jpg"
"438","V1","Selina Meyer","V","Veep",81.9,"https://openpsychometrics.org/tests/characters/stats/V/1","https://openpsychometrics.org/tests/characters/test-resources/pics/V/1.jpg"
"439","V4","Dan Egan","V","Veep",63.4,"https://openpsychometrics.org/tests/characters/stats/V/4","https://openpsychometrics.org/tests/characters/test-resources/pics/V/4.jpg"
"440","V2","Amy Brookheimer","V","Veep",60.4,"https://openpsychometrics.org/tests/characters/stats/V/2","https://openpsychometrics.org/tests/characters/test-resources/pics/V/2.jpg"
"441","V3","Gary Walsh","V","Veep",46,"https://openpsychometrics.org/tests/characters/stats/V/3","https://openpsychometrics.org/tests/characters/test-resources/pics/V/3.jpg"
"442","V6","Mike McLintock","V","Veep",26.3,"https://openpsychometrics.org/tests/characters/stats/V/6","https://openpsychometrics.org/tests/characters/test-resources/pics/V/6.jpg"
"443","V5","Jonah Ryan","V","Veep",24.9,"https://openpsychometrics.org/tests/characters/stats/V/5","https://openpsychometrics.org/tests/characters/test-resources/pics/V/5.jpg"
"444","T7S5","Donna Pinciotti","T7S","That 70's Show",80.4,"https://openpsychometrics.org/tests/characters/stats/T7S/5","https://openpsychometrics.org/tests/characters/test-resources/pics/T7S/5.jpg"
"445","T7S7","Kitty Forman","T7S","That 70's Show",79.4,"https://openpsychometrics.org/tests/characters/stats/T7S/7","https://openpsychometrics.org/tests/characters/test-resources/pics/T7S/7.jpg"
"446","T7S4","Steven Hyde","T7S","That 70's Show",77.2,"https://openpsychometrics.org/tests/characters/stats/T7S/4","https://openpsychometrics.org/tests/characters/test-resources/pics/T7S/4.jpg"
"447","T7S8","Red Forman","T7S","That 70's Show",76.5,"https://openpsychometrics.org/tests/characters/stats/T7S/8","https://openpsychometrics.org/tests/characters/test-resources/pics/T7S/8.jpg"
"448","T7S2","Jackie Burkhart","T7S","That 70's Show",74.3,"https://openpsychometrics.org/tests/characters/stats/T7S/2","https://openpsychometrics.org/tests/characters/test-resources/pics/T7S/2.jpg"
"449","T7S6","Fez","T7S","That 70's Show",67.5,"https://openpsychometrics.org/tests/characters/stats/T7S/6","https://openpsychometrics.org/tests/characters/test-resources/pics/T7S/6.jpg"
"450","T7S1","Eric Forman","T7S","That 70's Show",67.2,"https://openpsychometrics.org/tests/characters/stats/T7S/1","https://openpsychometrics.org/tests/characters/test-resources/pics/T7S/1.jpg"
"451","T7S3","Michael Kelso","T7S","That 70's Show",66,"https://openpsychometrics.org/tests/characters/stats/T7S/3","https://openpsychometrics.org/tests/characters/test-resources/pics/T7S/3.jpg"
"452","T7S10","Bob Pinciotti","T7S","That 70's Show",35.2,"https://openpsychometrics.org/tests/characters/stats/T7S/10","https://openpsychometrics.org/tests/characters/test-resources/pics/T7S/10.jpg"
"453","T7S9","Midge Pinciotti","T7S","That 70's Show",28.4,"https://openpsychometrics.org/tests/characters/stats/T7S/9","https://openpsychometrics.org/tests/characters/test-resources/pics/T7S/9.jpg"
"454","SV4","Bertram Gilfoyle","SV","Silicon Valley",76.3,"https://openpsychometrics.org/tests/characters/stats/SV/4","https://openpsychometrics.org/tests/characters/test-resources/pics/SV/4.jpg"
"455","SV1","Richard Hendricks","SV","Silicon Valley",70,"https://openpsychometrics.org/tests/characters/stats/SV/1","https://openpsychometrics.org/tests/characters/test-resources/pics/SV/1.jpg"
"456","SV5","Dinesh Chugtai","SV","Silicon Valley",65.2,"https://openpsychometrics.org/tests/characters/stats/SV/5","https://openpsychometrics.org/tests/characters/test-resources/pics/SV/5.jpg"
"457","SV7","Monica Hall","SV","Silicon Valley",64.8,"https://openpsychometrics.org/tests/characters/stats/SV/7","https://openpsychometrics.org/tests/characters/test-resources/pics/SV/7.jpg"
"458","SV8","Jared Dunn","SV","Silicon Valley",58,"https://openpsychometrics.org/tests/characters/stats/SV/8","https://openpsychometrics.org/tests/characters/test-resources/pics/SV/8.jpg"
"459","SV9","Gavin Belson","SV","Silicon Valley",57.9,"https://openpsychometrics.org/tests/characters/stats/SV/9","https://openpsychometrics.org/tests/characters/test-resources/pics/SV/9.jpg"
"460","SV6","Peter Gregory","SV","Silicon Valley",56.9,"https://openpsychometrics.org/tests/characters/stats/SV/6","https://openpsychometrics.org/tests/characters/test-resources/pics/SV/6.jpg"
"461","SV10","Jian-Yang","SV","Silicon Valley",51.1,"https://openpsychometrics.org/tests/characters/stats/SV/10","https://openpsychometrics.org/tests/characters/test-resources/pics/SV/10.jpg"
"462","SV2","Erlich Bachman","SV","Silicon Valley",40.3,"https://openpsychometrics.org/tests/characters/stats/SV/2","https://openpsychometrics.org/tests/characters/test-resources/pics/SV/2.jpg"
"463","SV3","Nelson Bighetti","SV","Silicon Valley",32.8,"https://openpsychometrics.org/tests/characters/stats/SV/3","https://openpsychometrics.org/tests/characters/test-resources/pics/SV/3.jpg"
"464","BVS1","Buffy Summers","BVS","Buffy the Vampire Slayer",91.5,"https://openpsychometrics.org/tests/characters/stats/BVS/1","https://openpsychometrics.org/tests/characters/test-resources/pics/BVS/1.jpg"
"465","BVS5","Rupert Giles","BVS","Buffy the Vampire Slayer",83.8,"https://openpsychometrics.org/tests/characters/stats/BVS/5","https://openpsychometrics.org/tests/characters/test-resources/pics/BVS/5.jpg"
"466","BVS3","Willow Rosenberg","BVS","Buffy the Vampire Slayer",78.7,"https://openpsychometrics.org/tests/characters/stats/BVS/3","https://openpsychometrics.org/tests/characters/test-resources/pics/BVS/3.jpg"
"467","BVS6","Angel","BVS","Buffy the Vampire Slayer",76.5,"https://openpsychometrics.org/tests/characters/stats/BVS/6","https://openpsychometrics.org/tests/characters/test-resources/pics/BVS/6.jpg"
"468","BVS4","Cordelia Chase","BVS","Buffy the Vampire Slayer",57.2,"https://openpsychometrics.org/tests/characters/stats/BVS/4","https://openpsychometrics.org/tests/characters/test-resources/pics/BVS/4.jpg"
"469","BVS2","Xander Harris","BVS","Buffy the Vampire Slayer",56.6,"https://openpsychometrics.org/tests/characters/stats/BVS/2","https://openpsychometrics.org/tests/characters/test-resources/pics/BVS/2.jpg"
